time_s,uav_id,cluster_id,sinr_db,jammed,drop_prob
2,0,0,19.2013,0,8.56912e-19
2,1,0,12.8703,0,6.23423e-05
2,2,1,13.0943,0,3.73432e-05
2,3,1,19.6674,0,7.69841e-21
2,4,2,26.5462,0,9.25044e-99
2,5,2,27.4065,0,3.08674e-120
4,0,0,18.4106,0,8.71389e-16
4,1,0,12.5437,0,0.00012574
4,2,1,13.532,0,1.26676e-05
4,3,1,20.467,0,6.60919e-25
4,4,2,26.9726,0,7.12666e-109
4,5,2,27.0676,0,2.88643e-111
6,0,0,17.6358,0,2.51733e-13
6,1,0,12.2915,0,0.000208685
6,2,1,14.0344,0,3.17823e-06
6,3,1,21.262,0,9.18456e-30
6,4,2,27.3293,0,3.93434e-118
6,5,2,26.6581,0,2.55201e-101
8,0,0,16.8847,0,2.52409e-11
8,1,0,12.1164,0,0.000291715
8,2,1,14.5963,0,5.53027e-07
8,3,1,22.0443,0,1.70373e-35
8,4,2,27.6128,0,4.73698e-126
8,5,2,26.1821,0,7.07887e-91
10,0,0,16.1646,0,1.05025e-09
10,1,0,12.02,0,0.000348763
10,2,1,15.2122,0,6.15621e-08
10,3,1,22.8063,0,3.6619e-42
10,4,2,27.8202,0,3.50434e-132
10,5,2,25.6443,0,2.23797e-80
12,0,0,15.4829,0,2.11676e-08
12,1,0,12.0034,0,0.000359537
12,2,1,15.876,0,3.96798e-09
12,3,1,23.5402,0,8.61248e-50
12,4,2,27.9495,0,3.73611e-136
12,5,2,25.0501,0,3.42568e-70
14,0,0,14.8463,0,2.35524e-07
14,1,0,12.0667,0,0.000320036
14,2,1,16.581,0,1.31182e-10
14,3,1,24.2387,0,2.36249e-58
14,4,2,27.9994,0,1.02028e-137
14,5,2,24.4055,0,1.30951e-60
16,0,0,14.2612,0,1.61233e-06
16,1,0,12.2092,0,0.000244678
16,2,1,17.3201,0,1.92495e-12
16,3,1,24.8949,0,9.42785e-68
16,4,2,27.9693,0,8.99351e-137
16,5,2,23.7168,0,7.91073e-52
18,0,0,13.7334,0,7.41806e-06
18,1,0,12.4296,0,0.000158711
18,2,1,18.086,0,1.05902e-14
18,3,1,25.5021,0,8.23128e-78
18,4,2,27.8596,0,2.22436e-133
18,5,2,22.991,0,5.79416e-44
20,0,0,13.2682,0,2.46212e-05
20,1,0,12.7256,0,8.56258e-05
20,2,1,18.871,0,1.80316e-17
20,3,1,26.0544,0,2.89776e-88
20,4,2,27.6714,0,9.41184e-128
20,5,2,22.2353,0,4.65819e-37
22,0,0,12.8703,0,6.23423e-05
22,1,0,13.0943,0,3.73432e-05
22,2,1,19.6674,0,7.69841e-21
22,3,1,26.5462,0,9.25044e-99
22,4,2,27.4065,0,3.08674e-120
22,5,2,21.4573,0,4.23873e-31
24,0,0,12.5437,0,0.00012574
24,1,0,13.532,0,1.26676e-05
24,2,1,20.467,0,6.60919e-25
24,3,1,26.9726,0,7.12666e-109
24,4,2,27.0676,0,2.88643e-111
24,5,2,20.6647,0,4.94156e-26
26,0,0,12.2915,0,0.000208685
26,1,0,14.0344,0,3.17823e-06
26,2,1,21.262,0,9.18456e-30
26,3,1,27.3293,0,3.93434e-118
26,4,2,26.6581,0,2.55201e-101
26,5,2,19.8655,0,8.86183e-22
28,0,0,12.1164,0,0.000291715
28,1,0,14.5963,0,5.53027e-07
28,2,1,22.0443,0,1.70373e-35
28,3,1,27.6128,0,4.73698e-126
28,4,2,26.1821,0,7.07887e-91
28,5,2,19.0676,0,3.02533e-18
30,0,0,12.02,0,0.000348763
30,1,0,15.2122,0,6.15621e-08
30,2,1,22.8063,0,3.6619e-42
30,3,1,27.8202,0,3.50434e-132
30,4,2,25.6443,0,2.23797e-80
30,5,2,18.279,0,2.45317e-15
32,0,0,12.0034,0,0.000359537
32,1,0,15.876,0,3.96798e-09
32,2,1,23.5402,0,8.61248e-50
32,3,1,27.9495,0,3.73611e-136
32,4,2,25.0501,0,3.42568e-70
32,5,2,17.5077,0,5.85236e-13
34,0,0,12.0667,0,0.000320036
34,1,0,16.581,0,1.31182e-10
34,2,1,24.2387,0,2.36249e-58
34,3,1,27.9994,0,1.02028e-137
34,4,2,24.4055,0,1.30951e-60
34,5,2,16.7612,0,5.00171e-11
36,0,0,12.2092,0,0.000244678
36,1,0,17.3201,0,1.92495e-12
36,2,1,24.8949,0,9.42785e-68
36,3,1,27.9693,0,8.99351e-137
36,4,2,23.7168,0,7.91073e-52
36,5,2,16.0471,0,1.82374e-09
38,0,0,12.4296,0,0.000158711
38,1,0,18.086,0,1.05902e-14
38,2,1,25.5021,0,8.23128e-78
38,3,1,27.8596,0,2.22436e-133
38,4,2,22.991,0,5.79416e-44
38,5,2,15.3725,0,3.29809e-08
40,0,0,12.7256,0,8.56258e-05
40,1,0,18.871,0,1.80316e-17
40,2,1,26.0544,0,2.89776e-88
40,3,1,27.6714,0,9.41184e-128
40,4,2,22.2353,0,4.65819e-37
40,5,2,14.7441,0,3.35826e-07
42,0,0,13.0943,0,3.73432e-05
42,1,0,19.6674,0,7.69841e-21
42,2,1,26.5462,0,9.25044e-99
42,3,1,27.4065,0,3.08674e-120
42,4,2,21.4573,0,4.23873e-31
42,5,2,14.1682,0,2.13822e-06
44,0,0,13.532,0,1.26676e-05
44,1,0,20.467,0,6.60919e-25
44,2,1,26.9726,0,7.12666e-109
44,3,1,27.0676,0,2.88643e-111
44,4,2,20.6647,0,4.94156e-26
44,5,2,13.6507,0,9.27001e-06
46,0,0,14.0344,0,3.17823e-06
46,1,0,21.262,0,9.18456e-30
46,2,1,27.3293,0,3.93434e-118
46,3,1,26.6581,0,2.55201e-101
46,4,2,19.8655,0,8.86183e-22
46,5,2,13.1965,0,2.92953e-05
48,0,0,14.5963,0,5.53027e-07
48,1,0,22.0443,0,1.70373e-35
48,2,1,27.6128,0,4.73698e-126
48,3,1,26.1821,0,7.07887e-91
48,4,2,19.0676,0,3.02533e-18
48,5,2,12.8103,0,7.1201e-05
50,0,0,15.2122,0,6.15621e-08
50,1,0,22.8063,0,3.6619e-42
50,2,1,27.8202,0,3.50434e-132
50,3,1,25.6443,0,2.23797e-80
50,4,2,18.279,0,2.45317e-15
50,5,2,12.496,0,0.000138698
52,0,0,15.876,0,3.96798e-09
52,1,0,23.5402,0,8.61248e-50
52,2,1,27.9495,0,3.73611e-136
52,3,1,25.0501,0,3.42568e-70
52,4,2,17.5077,0,5.85236e-13
52,5,2,12.2566,0,0.000223328
54,0,0,16.581,0,1.31182e-10
54,1,0,24.2387,0,2.36249e-58
54,2,1,27.9994,0,1.02028e-137
54,3,1,24.4055,0,1.30951e-60
54,4,2,16.7612,0,5.00171e-11
54,5,2,12.0947,0,0.00030382
56,0,0,17.3201,0,1.92495e-12
56,1,0,24.8949,0,9.42785e-68
56,2,1,27.9693,0,8.99351e-137
56,3,1,23.7168,0,7.91073e-52
56,4,2,16.0471,0,1.82374e-09
56,5,2,12.0117,0,0.000354161
58,0,0,18.086,0,1.05902e-14
58,1,0,25.5021,0,8.23128e-78
58,2,1,27.8596,0,2.22436e-133
58,3,1,22.991,0,5.79416e-44
58,4,2,15.3725,0,3.29809e-08
58,5,2,12.0085,0,0.00035623
60,0,0,18.871,0,1.80316e-17
60,1,0,26.0544,0,2.89776e-88
60,2,1,27.6714,0,9.41184e-128
60,3,1,22.2353,0,4.65819e-37
60,4,2,14.7441,0,3.35826e-07
60,5,2,12.0851,0,0.000309256
62,0,0,19.6674,0,7.69841e-21
62,1,0,26.5462,0,9.25044e-99
62,2,1,27.4065,0,3.08674e-120
62,3,1,21.4573,0,4.23873e-31
62,4,2,14.1682,0,2.13822e-06
62,5,2,12.2409,0,0.000230234
64,0,0,20.467,0,6.60919e-25
64,1,0,26.9726,0,7.12666e-109
64,2,1,27.0676,0,2.88643e-111
64,3,1,20.6647,0,4.94156e-26
64,4,2,13.6507,0,9.27001e-06
64,5,2,12.4742,0,0.00014502
66,0,0,21.262,0,9.18456e-30
66,1,0,27.3293,0,3.93434e-118
66,2,1,26.6581,0,2.55201e-101
66,3,1,19.8655,0,8.86183e-22
66,4,2,13.1965,0,2.92953e-05
66,5,2,12.7826,0,7.56598e-05
68,0,0,22.0443,0,1.70373e-35
68,1,0,27.6128,0,4.73698e-126
68,2,1,26.1821,0,7.07887e-91
68,3,1,19.0676,0,3.02533e-18
68,4,2,12.8103,0,7.1201e-05
68,5,2,13.1632,0,3.17265e-05
70,0,0,22.8063,0,3.6619e-42
70,1,0,27.8202,0,3.50434e-132
70,2,1,25.6443,0,2.23797e-80
70,3,1,18.279,0,2.45317e-15
70,4,2,12.496,0,0.000138698
70,5,2,13.6121,0,1.02698e-05
72,0,0,23.5402,0,8.61248e-50
72,1,0,27.9495,0,3.73611e-136
72,2,1,25.0501,0,3.42568e-70
72,3,1,17.5077,0,5.85236e-13
72,4,2,12.2566,0,0.000223328
72,5,2,14.1248,0,2.43479e-06
74,0,0,24.2387,0,2.36249e-58
74,1,0,27.9994,0,1.02028e-137
74,2,1,24.4055,0,1.30951e-60
74,3,1,16.7612,0,5.00171e-11
74,4,2,12.0947,0,0.00030382
74,5,2,14.6962,0,3.95428e-07
76,0,0,24.8949,0,9.42785e-68
76,1,0,27.9693,0,8.99351e-137
76,2,1,23.7168,0,7.91073e-52
76,3,1,16.0471,0,1.82374e-09
76,4,2,12.0117,0,0.000354161
76,5,2,15.3207,0,4.04578e-08
78,0,0,25.5021,0,8.23128e-78
78,1,0,27.8596,0,2.22436e-133
78,2,1,22.991,0,5.79416e-44
78,3,1,15.3725,0,3.29809e-08
78,4,2,12.0085,0,0.00035623
78,5,2,15.9918,0,2.35209e-09
80,0,0,26.0544,0,2.89776e-88
80,1,0,27.6714,0,9.41184e-128
80,2,1,22.2353,0,4.65819e-37
80,3,1,14.7441,0,3.35826e-07
80,4,2,12.0851,0,0.000309256
80,5,2,16.7031,0,6.85678e-11
82,0,0,26.5462,0,9.25044e-99
82,1,0,27.4065,0,3.08674e-120
82,2,1,21.4573,0,4.23873e-31
82,3,1,14.1682,0,2.13822e-06
82,4,2,12.2409,0,0.000230234
82,5,2,17.4472,0,8.63846e-13
84,0,0,26.9726,0,7.12666e-109
84,1,0,27.0676,0,2.88643e-111
84,2,1,20.6647,0,4.94156e-26
84,3,1,13.6507,0,9.27001e-06
84,4,2,12.4742,0,0.00014502
84,5,2,18.2169,0,3.95686e-15
86,0,0,27.3293,0,3.93434e-118
86,1,0,26.6581,0,2.55201e-101
86,2,1,19.8655,0,8.86183e-22
86,3,1,13.1965,0,2.92953e-05
86,4,2,12.7826,0,7.56598e-05
86,5,2,19.0044,0,5.42049e-18
88,0,0,27.6128,0,4.73698e-126
88,1,0,26.1821,0,7.07887e-91
88,2,1,19.0676,0,3.02533e-18
88,3,1,12.8103,0,7.1201e-05
88,4,2,13.1632,0,3.17265e-05
88,5,2,19.8018,0,1.79481e-21
90,0,0,27.8202,0,3.50434e-132
90,1,0,25.6443,0,2.23797e-80
90,2,1,18.279,0,2.45317e-15
90,3,1,12.496,0,0.000138698
90,4,2,13.6121,0,1.02698e-05
90,5,2,20.6012,0,1.15138e-25
92,0,0,27.9495,0,3.73611e-136
92,1,0,25.0501,0,3.42568e-70
92,2,1,17.5077,0,5.85236e-13
92,3,1,12.2566,0,0.000223328
92,4,2,14.1248,0,2.43479e-06
92,5,2,21.3946,0,1.15474e-30
94,0,0,27.9994,0,1.02028e-137
94,1,0,24.4055,0,1.30951e-60
94,2,1,16.7612,0,5.00171e-11
94,3,1,12.0947,0,0.00030382
94,4,2,14.6962,0,3.95428e-07
94,5,2,22.1741,0,1.5029e-36
96,0,0,27.9693,0,8.99351e-137
96,1,0,23.7168,0,7.91073e-52
96,2,1,16.0471,0,1.82374e-09
96,3,1,12.0117,0,0.000354161
96,4,2,15.3207,0,4.04578e-08
96,5,2,22.9318,0,2.22933e-43
98,0,0,27.8596,0,2.22436e-133
98,1,0,22.991,0,5.79416e-44
98,2,1,15.3725,0,3.29809e-08
98,3,1,12.0085,0,0.00035623
98,4,2,15.9918,0,2.35209e-09
98,5,2,23.6603,0,3.62307e-51
100,0,0,27.6714,0,9.41184e-128
100,1,0,22.2353,0,4.65819e-37
100,2,1,14.7441,0,3.35826e-07
100,3,1,12.0851,0,0.000309256
100,4,2,16.7031,0,6.85678e-11
100,5,2,24.3522,0,7.04302e-60
102,0,0,27.4065,0,3.08674e-120
102,1,0,21.4573,0,4.23873e-31
102,2,1,14.1682,0,2.13822e-06
102,3,1,12.2409,0,0.000230234
102,4,2,17.4472,0,8.63846e-13
102,5,2,25.0006,0,2.10415e-69
104,0,0,27.0676,0,2.88643e-111
104,1,0,20.6647,0,4.94156e-26
104,2,1,13.6507,0,9.27001e-06
104,3,1,12.4742,0,0.00014502
104,4,2,18.2169,0,3.95686e-15
104,5,2,25.599,0,1.50245e-79
106,0,0,26.6581,0,2.55201e-101
106,1,0,19.8655,0,8.86183e-22
106,2,1,13.1965,0,2.92953e-05
106,3,1,12.7826,0,7.56598e-05
106,4,2,19.0044,0,5.42049e-18
106,5,2,26.1415,0,4.89113e-90
108,0,0,26.1821,0,7.07887e-91
108,1,0,19.0676,0,3.02533e-18
108,2,1,12.8103,0,7.1201e-05
108,3,1,13.1632,0,3.17265e-05
108,4,2,19.8018,0,1.79481e-21
108,5,2,26.6226,0,1.68436e-100
110,0,0,25.6443,0,2.23797e-80
110,1,0,18.279,0,2.45317e-15
110,2,1,12.496,0,0.000138698
110,3,1,13.6121,0,1.02698e-05
110,4,2,20.6012,0,1.15138e-25
110,5,2,27.0376,0,1.67151e-110
112,0,0,25.0501,0,3.42568e-70
112,1,0,17.5077,0,5.85236e-13
112,2,1,12.2566,0,0.000223328
112,3,1,14.1248,0,2.43479e-06
112,4,2,21.3946,0,1.15474e-30
112,5,2,27.3822,0,1.43454e-119
114,0,0,24.4055,0,1.30951e-60
114,1,0,16.7612,0,5.00171e-11
114,2,1,12.0947,0,0.00030382
114,3,1,14.6962,0,3.95428e-07
114,4,2,22.1741,0,1.5029e-36
114,5,2,27.6531,0,3.22265e-127
116,0,0,23.7168,0,7.91073e-52
116,1,0,16.0471,0,1.82374e-09
116,2,1,12.0117,0,0.000354161
116,3,1,15.3207,0,4.04578e-08
116,4,2,22.9318,0,2.22933e-43
116,5,2,27.8475,0,5.21464e-133
118,0,0,22.991,0,5.79416e-44
118,1,0,15.3725,0,3.29809e-08
118,2,1,12.0085,0,0.00035623
118,3,1,15.9918,0,2.35209e-09
118,4,2,23.6603,0,3.62307e-51
118,5,2,27.9635,0,1.36879e-136
120,0,0,22.2353,0,4.65819e-37
120,1,0,14.7441,0,3.35826e-07
120,2,1,12.0851,0,0.000309256
120,3,1,16.7031,0,6.85678e-11
120,4,2,24.3522,0,7.04302e-60
120,5,2,27.9999,0,9.81353e-138
122,0,0,21.4573,0,4.23873e-31
122,1,0,14.1682,0,2.13822e-06
122,2,1,12.2409,0,0.000230234
122,3,1,17.4472,0,8.63846e-13
122,4,2,25.0006,0,2.10415e-69
122,5,2,27.9564,0,2.27673e-136
124,0,0,20.6647,0,4.94156e-26
124,1,0,13.6507,0,9.27001e-06
124,2,1,12.4742,0,0.00014502
124,3,1,18.2169,0,3.95686e-15
124,4,2,25.599,0,1.50245e-79
124,5,2,27.8334,0,1.39647e-132
126,0,0,19.8655,0,8.86183e-22
126,1,0,13.1965,0,2.92953e-05
126,2,1,12.7826,0,7.56598e-05
126,3,1,19.0044,0,5.42049e-18
126,4,2,26.1415,0,4.89113e-90
126,5,2,27.6322,0,1.30688e-126
128,0,0,19.0676,0,3.02533e-18
128,1,0,12.8103,0,7.1201e-05
128,2,1,13.1632,0,3.17265e-05
128,3,1,19.8018,0,1.79481e-21
128,4,2,26.6226,0,1.68436e-100
128,5,2,27.3546,0,8.10791e-119
130,0,0,18.279,0,2.45317e-15
130,1,0,12.496,0,0.000138698
130,2,1,13.6121,0,1.02698e-05
130,3,1,20.6012,0,1.15138e-25
130,4,2,27.0376,0,1.67151e-110
130,5,2,27.0036,0,1.19643e-109
132,0,0,17.5077,0,5.85236e-13
132,1,0,12.2566,0,0.000223328
132,2,1,14.1248,0,2.43479e-06
132,3,1,21.3946,0,1.15474e-30
132,4,2,27.3822,0,1.43454e-119
132,5,2,26.5826,0,1.38286e-99
134,0,0,16.7612,0,5.00171e-11
134,1,0,12.0947,0,0.00030382
134,2,1,14.6962,0,3.95428e-07
134,3,1,22.1741,0,1.5029e-36
134,4,2,27.6531,0,3.22265e-127
134,5,2,26.0959,0,4.1938e-89
136,0,0,16.0471,0,1.82374e-09
136,1,0,12.0117,0,0.000354161
136,2,1,15.3207,0,4.04578e-08
136,3,1,22.9318,0,2.22933e-43
136,4,2,27.8475,0,5.21464e-133
136,5,2,25.5482,0,1.23987e-78
138,0,0,15.3725,0,3.29809e-08
138,1,0,12.0085,0,0.00035623
138,2,1,15.9918,0,2.35209e-09
138,3,1,23.6603,0,3.62307e-51
138,4,2,27.9635,0,1.36879e-136
138,5,2,24.9451,0,1.56546e-68
140,0,0,14.7441,0,3.35826e-07
140,1,0,12.0851,0,0.000309256
140,2,1,16.7031,0,6.85678e-11
140,3,1,24.3522,0,7.04302e-60
140,4,2,27.9999,0,9.81353e-138
140,5,2,24.2926,0,4.50599e-59
142,0,0,14.1682,0,2.13822e-06
142,1,0,12.2409,0,0.000230234
142,2,1,17.4472,0,8.63846e-13
142,3,1,25.0006,0,2.10415e-69
142,4,2,27.9564,0,2.27673e-136
142,5,2,23.5972,0,1.93524e-50
144,0,0,13.6507,0,9.27001e-06
144,1,0,12.4742,0,0.00014502
144,2,1,18.2169,0,3.95686e-15
144,3,1,25.599,0,1.50245e-79
144,4,2,27.8334,0,1.39647e-132
144,5,2,22.8658,0,9.80494e-43
146,0,0,13.1965,0,2.92953e-05
146,1,0,12.7826,0,7.56598e-05
146,2,1,19.0044,0,5.42049e-18
146,3,1,26.1415,0,4.89113e-90
146,4,2,27.6322,0,1.30688e-126
146,5,2,22.1059,0,5.43671e-36
148,0,0,12.8103,0,7.1201e-05
148,1,0,13.1632,0,3.17265e-05
148,2,1,19.8018,0,1.79481e-21
148,3,1,26.6226,0,1.68436e-100
148,4,2,27.3546,0,8.10791e-119
148,5,2,21.3248,0,3.46471e-30
150,0,0,12.496,0,0.000138698
150,1,0,13.6121,0,1.02698e-05
150,2,1,20.6012,0,1.15138e-25
150,3,1,27.0376,0,1.67151e-110
150,4,2,27.0036,0,1.19643e-109
150,5,2,20.5306,0,2.90766e-25
152,0,0,12.2566,0,0.000223328
152,1,0,14.1248,0,2.43479e-06
152,2,1,21.3946,0,1.15474e-30
152,3,1,27.3822,0,1.43454e-119
152,4,2,26.5826,0,1.38286e-99
152,5,2,19.731,0,3.88504e-21
154,0,0,12.0947,0,0.00030382
154,1,0,14.6962,0,3.95428e-07
154,2,1,22.1741,0,1.5029e-36
154,3,1,27.6531,0,3.22265e-127
154,4,2,26.0959,0,4.1938e-89
154,5,2,18.9341,0,1.02557e-17
156,0,0,12.0117,0,0.000354161
156,1,0,15.3207,0,4.04578e-08
156,2,1,22.9318,0,2.22933e-43
156,3,1,27.8475,0,5.21464e-133
156,4,2,25.5482,0,1.23987e-78
156,5,2,18.1479,0,6.6717e-15
158,0,0,12.0085,0,0.00035623
158,1,0,15.9918,0,2.35209e-09
158,2,1,23.6603,0,3.62307e-51
158,3,1,27.9635,0,1.36879e-136
158,4,2,24.9451,0,1.56546e-68
158,5,2,17.3802,0,1.32172e-12
160,0,0,12.0851,0,0.000309256
160,1,0,16.7031,0,6.85678e-11
160,2,1,24.3522,0,7.04302e-60
160,3,1,27.9999,0,9.81353e-138
160,4,2,24.2926,0,4.50599e-59
160,5,2,16.6387,0,9.67605e-11
162,0,0,12.2409,0,0.000230234
162,1,0,17.4472,0,8.63846e-13
162,2,1,25.0006,0,2.10415e-69
162,3,1,27.9564,0,2.27673e-136
162,4,2,23.5972,0,1.93524e-50
162,5,2,15.9307,0,3.10489e-09
164,0,0,12.4742,0,0.00014502
164,1,0,18.2169,0,3.95686e-15
164,2,1,25.599,0,1.50245e-79
164,3,1,27.8334,0,1.39647e-132
164,4,2,22.8658,0,9.80494e-43
164,5,2,15.2634,0,5.05616e-08
166,0,0,12.7826,0,7.56598e-05
166,1,0,19.0044,0,5.42049e-18
166,2,1,26.1415,0,4.89113e-90
166,3,1,27.6322,0,1.30688e-126
166,4,2,22.1059,0,5.43671e-36
166,5,2,14.6434,0,4.72549e-07
168,0,0,13.1632,0,3.17265e-05
168,1,0,19.8018,0,1.79481e-21
168,2,1,26.6226,0,1.68436e-100
168,3,1,27.3546,0,8.10791e-119
168,4,2,21.3248,0,3.46471e-30
168,5,2,14.077,0,2.80509e-06
170,0,0,13.6121,0,1.02698e-05
170,1,0,20.6012,0,1.15138e-25
170,2,1,27.0376,0,1.67151e-110
170,3,1,27.0036,0,1.19643e-109
170,4,2,20.5306,0,2.90766e-25
170,5,2,13.5697,0,1.14816e-05
172,0,0,14.1248,0,2.43479e-06
172,1,0,21.3946,0,1.15474e-30
172,2,1,27.3822,0,1.43454e-119
172,3,1,26.5826,0,1.38286e-99
172,4,2,19.731,0,3.88504e-21
172,5,2,13.1267,0,3.46e-05
174,0,0,14.6962,0,3.95428e-07
174,1,0,22.1741,0,1.5029e-36
174,2,1,27.6531,0,3.22265e-127
174,3,1,26.0959,0,4.1938e-89
174,4,2,18.9341,0,1.02557e-17
174,5,2,12.7524,0,8.08133e-05
176,0,0,15.3207,0,4.04578e-08
176,1,0,22.9318,0,2.22933e-43
176,2,1,27.8475,0,5.21464e-133
176,3,1,25.5482,0,1.23987e-78
176,4,2,18.1479,0,6.6717e-15
176,5,2,12.4504,0,0.000152172
178,0,0,15.9918,0,2.35209e-09
178,1,0,23.6603,0,3.62307e-51
178,2,1,27.9635,0,1.36879e-136
178,3,1,24.9451,0,1.56546e-68
178,4,2,17.3802,0,1.32172e-12
178,5,2,12.2239,0,0.000237866
180,0,0,16.7031,0,6.85678e-11
180,1,0,24.3522,0,7.04302e-60
180,2,1,27.9999,0,9.81353e-138
180,3,1,24.2926,0,4.50599e-59
180,4,2,16.6387,0,9.67605e-11
180,5,2,12.0751,0,0.000315054
182,0,0,17.4472,0,8.63846e-13
182,1,0,25.0006,0,2.10415e-69
182,2,1,27.9564,0,2.27673e-136
182,3,1,23.5972,0,1.93524e-50
182,4,2,15.9307,0,3.10489e-09
182,5,2,12.0055,0,0.000358152
184,0,0,18.2169,0,3.95686e-15
184,1,0,25.599,0,1.50245e-79
184,2,1,27.8334,0,1.39647e-132
184,3,1,22.8658,0,9.80494e-43
184,4,2,15.2634,0,5.05616e-08
184,5,2,12.0158,0,0.000351492
186,0,0,19.0044,0,5.42049e-18
186,1,0,26.1415,0,4.89113e-90
186,2,1,27.6322,0,1.30688e-126
186,3,1,22.1059,0,5.43671e-36
186,4,2,14.6434,0,4.72549e-07
186,5,2,12.1058,0,0.000297549
188,0,0,19.8018,0,1.79481e-21
188,1,0,26.6226,0,1.68436e-100
188,2,1,27.3546,0,8.10791e-119
188,3,1,21.3248,0,3.46471e-30
188,4,2,14.077,0,2.80509e-06
188,5,2,12.2747,0,0.000215625
190,0,0,20.6012,0,1.15138e-25
190,1,0,27.0376,0,1.67151e-110
190,2,1,27.0036,0,1.19643e-109
190,3,1,20.5306,0,2.90766e-25
190,4,2,13.5697,0,1.14816e-05
190,5,2,12.5208,0,0.000131808
192,0,0,21.3946,0,1.15474e-30
192,1,0,27.3822,0,1.43454e-119
192,2,1,26.5826,0,1.38286e-99
192,3,1,19.731,0,3.88504e-21
192,4,2,13.1267,0,3.46e-05
192,5,2,12.8417,0,6.64435e-05
194,0,0,22.1741,0,1.5029e-36
194,1,0,27.6531,0,3.22265e-127
194,2,1,26.0959,0,4.1938e-89
194,3,1,18.9341,0,1.02557e-17
194,4,2,12.7524,0,8.08133e-05
194,5,2,13.234,0,2.67588e-05
196,0,0,22.9318,0,2.22933e-43
196,1,0,27.8475,0,5.21464e-133
196,2,1,25.5482,0,1.23987e-78
196,3,1,18.1479,0,6.6717e-15
196,4,2,12.4504,0,0.000152172
196,5,2,13.694,0,8.25314e-06
198,0,0,23.6603,0,3.62307e-51
198,1,0,27.9635,0,1.36879e-136
198,2,1,24.9451,0,1.56546e-68
198,3,1,17.3802,0,1.32172e-12
198,4,2,12.2239,0,0.000237866
198,5,2,14.2169,0,1.84549e-06
200,0,0,24.3522,0,7.04302e-60
200,1,0,27.9999,0,9.81353e-138
200,2,1,24.2926,0,4.50599e-59
200,3,1,16.6387,0,9.67605e-11
200,4,2,12.0751,0,0.000315054
200,5,2,14.7977,0,2.79084e-07
202,0,0,25.0006,0,2.10415e-69
202,1,0,27.9564,0,2.27673e-136
202,2,1,23.5972,0,1.93524e-50
202,3,1,15.9307,0,3.10489e-09
202,4,2,12.0055,0,0.000358152
202,5,2,15.4304,0,2.61681e-08
204,0,0,25.599,0,1.50245e-79
204,1,0,27.8334,0,1.39647e-132
204,2,1,22.8658,0,9.80494e-43
204,3,1,15.2634,0,5.05616e-08
204,4,2,12.0158,0,0.000351492
204,5,2,16.1088,0,1.36737e-09
206,0,0,26.1415,0,4.89113e-90
206,1,0,27.6322,0,1.30688e-126
206,2,1,22.1059,0,5.43671e-36
206,3,1,14.6434,0,4.72549e-07
206,4,2,12.1058,0,0.000297549
206,5,2,16.8261,0,3.50017e-11
208,0,0,26.6226,0,1.68436e-100
208,1,0,27.3546,0,8.10791e-119
208,2,1,21.3248,0,3.46471e-30
208,3,1,14.077,0,2.80509e-06
208,4,2,12.2747,0,0.000215625
208,5,2,17.5751,0,3.76749e-13
210,0,0,27.0376,0,1.67151e-110
210,1,0,27.0036,0,1.19643e-109
210,2,1,20.5306,0,2.90766e-25
210,3,1,13.5697,0,1.14816e-05
210,4,2,12.5208,0,0.000131808
210,5,2,18.3483,0,1.42888e-15
212,0,0,27.3822,0,1.43454e-119
212,1,0,26.5826,0,1.38286e-99
212,2,1,19.731,0,3.88504e-21
212,3,1,13.1267,0,3.46e-05
212,4,2,12.8417,0,6.64435e-05
212,5,2,19.138,0,1.56536e-18
214,0,0,27.6531,0,3.22265e-127
214,1,0,26.0959,0,4.1938e-89
214,2,1,18.9341,0,1.02557e-17
214,3,1,12.7524,0,8.08133e-05
214,4,2,13.234,0,2.67588e-05
214,5,2,19.9363,0,3.99465e-22
216,0,0,27.8475,0,5.21464e-133
216,1,0,25.5482,0,1.23987e-78
216,2,1,18.1479,0,6.6717e-15
216,3,1,12.4504,0,0.000152172
216,4,2,13.694,0,8.25314e-06
216,5,2,20.7353,0,1.90317e-26
218,0,0,27.9635,0,1.36879e-136
218,1,0,24.9451,0,1.56546e-68
218,2,1,17.3802,0,1.32172e-12
218,3,1,12.2239,0,0.000237866
218,4,2,14.2169,0,1.84549e-06
218,5,2,21.5269,0,1.3702e-31
220,0,0,27.9999,0,9.81353e-138
220,1,0,24.2926,0,4.50599e-59
220,2,1,16.6387,0,9.67605e-11
220,3,1,12.0751,0,0.000315054
220,4,2,14.7977,0,2.79084e-07
220,5,2,22.3032,0,1.24652e-37
222,0,0,27.9564,0,2.27673e-136
222,1,0,23.5972,0,1.93524e-50
222,2,1,15.9307,0,3.10489e-09
222,3,1,12.0055,0,0.000358152
222,4,2,15.4304,0,2.61681e-08
222,5,2,23.0566,0,1.27457e-44
224,0,0,27.8334,0,1.39647e-132
224,1,0,22.8658,0,9.80494e-43
224,2,1,15.2634,0,5.05616e-08
224,3,1,12.0158,0,0.000351492
224,4,2,16.1088,0,1.36737e-09
224,5,2,23.7794,0,1.43479e-52
226,0,0,27.6322,0,1.30688e-126
226,1,0,22.1059,0,5.43671e-36
226,2,1,14.6434,0,4.72549e-07
226,3,1,12.1058,0,0.000297549
226,4,2,16.8261,0,3.50017e-11
226,5,2,24.4644,0,1.99049e-61
228,0,0,27.3546,0,8.10791e-119
228,1,0,21.3248,0,3.46471e-30
228,2,1,14.077,0,2.80509e-06
228,3,1,12.2747,0,0.000215625
228,4,2,17.5751,0,3.76749e-13
228,5,2,25.1049,0,4.50774e-71
230,0,0,27.0036,0,1.19643e-109
230,1,0,20.5306,0,2.90766e-25
230,2,1,13.5697,0,1.14816e-05
230,3,1,12.5208,0,0.000131808
230,4,2,18.3483,0,1.42888e-15
230,5,2,25.6943,0,2.68095e-81
232,0,0,26.5826,0,1.38286e-99
232,1,0,19.731,0,3.88504e-21
232,2,1,13.1267,0,3.46e-05
232,3,1,12.8417,0,6.64435e-05
232,4,2,19.138,0,1.56536e-18
232,5,2,26.2268,0,8.26576e-92
234,0,0,26.0959,0,4.1938e-89
234,1,0,18.9341,0,1.02557e-17
234,2,1,12.7524,0,8.08133e-05
234,3,1,13.234,0,2.67588e-05
234,4,2,19.9363,0,3.99465e-22
234,5,2,26.6971,0,3.15939e-102
236,0,0,25.5482,0,1.23987e-78
236,1,0,18.1479,0,6.6717e-15
236,2,1,12.4504,0,0.000152172
236,3,1,13.694,0,8.25314e-06
236,4,2,20.7353,0,1.90317e-26
236,5,2,27.1005,0,4.1669e-112
238,0,0,24.9451,0,1.56546e-68
238,1,0,17.3802,0,1.32172e-12
238,2,1,12.2239,0,0.000237866
238,3,1,14.2169,0,1.84549e-06
238,4,2,21.5269,0,1.3702e-31
238,5,2,27.433,0,5.7377e-121
240,0,0,24.2926,0,4.50599e-59
240,1,0,16.6387,0,9.67605e-11
240,2,1,12.0751,0,0.000315054
240,3,1,14.7977,0,2.79084e-07
240,4,2,22.3032,0,1.24652e-37
240,5,2,27.6912,0,2.47539e-128
242,0,0,23.5972,0,1.93524e-50
242,1,0,15.9307,0,3.10489e-09
242,2,1,12.0055,0,0.000358152
242,3,1,15.4304,0,2.61681e-08
242,4,2,23.0566,0,1.27457e-44
242,5,2,27.8725,0,8.96648e-134
244,0,0,22.8658,0,9.80494e-43
244,1,0,15.2634,0,5.05616e-08
244,2,1,12.0158,0,0.000351492
244,3,1,16.1088,0,1.36737e-09
244,4,2,23.7794,0,1.43479e-52
244,5,2,27.9752,0,5.88159e-137
246,0,0,22.1059,0,5.43671e-36
246,1,0,14.6434,0,4.72549e-07
246,2,1,12.1058,0,0.000297549
246,3,1,16.8261,0,3.50017e-11
246,4,2,24.4644,0,1.99049e-61
246,5,2,27.9982,0,1.11243e-137
248,0,0,21.3248,0,3.46471e-30
248,1,0,14.077,0,2.80509e-06
248,2,1,12.2747,0,0.000215625
248,3,1,17.5751,0,3.76749e-13
248,4,2,25.1049,0,4.50774e-71
248,5,2,27.9413,0,6.75354e-136
250,0,0,20.5306,0,2.90766e-25
250,1,0,13.5697,0,1.14816e-05
250,2,1,12.5208,0,0.000131808
250,3,1,18.3483,0,1.42888e-15
250,4,2,25.6943,0,2.68095e-81
250,5,2,27.805,0,1.0113e-131
252,0,0,19.731,0,3.88504e-21
252,1,0,13.1267,0,3.46e-05
252,2,1,12.8417,0,6.64435e-05
252,3,1,19.138,0,1.56536e-18
252,4,2,26.2268,0,8.26576e-92
252,5,2,27.5908,0,2.04405e-125
254,0,0,18.9341,0,1.02557e-17
254,1,0,12.7524,0,8.08133e-05
254,2,1,13.234,0,2.67588e-05
254,3,1,19.9363,0,3.99465e-22
254,4,2,26.6971,0,3.15939e-102
254,5,2,27.3007,0,2.32978e-117
256,0,0,18.1479,0,6.6717e-15
256,1,0,12.4504,0,0.000152172
256,2,1,13.694,0,8.25314e-06
256,3,1,20.7353,0,1.90317e-26
256,4,2,27.1005,0,4.1669e-112
256,5,2,26.9376,0,5.25616e-108
258,0,0,17.3802,0,1.32172e-12
258,1,0,12.2239,0,0.000237866
258,2,1,14.2169,0,1.84549e-06
258,3,1,21.5269,0,1.3702e-31
258,4,2,27.433,0,5.7377e-121
258,5,2,26.5053,0,7.69858e-98
260,0,0,16.6387,0,9.67605e-11
260,1,0,12.0751,0,0.000315054
260,2,1,14.7977,0,2.79084e-07
260,3,1,22.3032,0,1.24652e-37
260,4,2,27.6912,0,2.47539e-128
260,5,2,26.0079,0,2.48183e-87
262,0,0,15.9307,0,3.10489e-09
262,1,0,12.0055,0,0.000358152
262,2,1,15.4304,0,2.61681e-08
262,3,1,23.0566,0,1.27457e-44
262,4,2,27.8725,0,8.96648e-134
262,5,2,25.4505,0,6.70273e-77
264,0,0,15.2634,0,5.05616e-08
264,1,0,12.0158,0,0.000351492
264,2,1,16.1088,0,1.36737e-09
264,3,1,23.7794,0,1.43479e-52
264,4,2,27.9752,0,5.88159e-137
264,5,2,24.8387,0,6.85772e-67
266,0,0,14.6434,0,4.72549e-07
266,1,0,12.1058,0,0.000297549
266,2,1,16.8261,0,3.50017e-11
266,3,1,24.4644,0,1.99049e-61
266,4,2,27.9982,0,1.11243e-137
266,5,2,24.1785,0,1.46866e-57
268,0,0,14.077,0,2.80509e-06
268,1,0,12.2747,0,0.000215625
268,2,1,17.5751,0,3.76749e-13
268,3,1,25.1049,0,4.50774e-71
268,4,2,27.9413,0,6.75354e-136
268,5,2,23.4765,0,4.45502e-49
270,0,0,13.5697,0,1.14816e-05
270,1,0,12.5208,0,0.000131808
270,2,1,18.3483,0,1.42888e-15
270,3,1,25.6943,0,2.68095e-81
270,4,2,27.805,0,1.0113e-131
270,5,2,22.7398,0,1.55816e-41
272,0,0,13.1267,0,3.46e-05
272,1,0,12.8417,0,6.64435e-05
272,2,1,19.138,0,1.56536e-18
272,3,1,26.2268,0,8.26576e-92
272,4,2,27.5908,0,2.04405e-125
272,5,2,21.9758,0,5.96767e-35
274,0,0,12.7524,0,8.08133e-05
274,1,0,13.234,0,2.67588e-05
274,2,1,19.9363,0,3.99465e-22
274,3,1,26.6971,0,3.15939e-102
274,4,2,27.3007,0,2.32978e-117
274,5,2,21.192,0,2.67394e-29
276,0,0,12.4504,0,0.000152172
276,1,0,13.694,0,8.25314e-06
276,2,1,20.7353,0,1.90317e-26
276,3,1,27.1005,0,4.1669e-112
276,4,2,26.9376,0,5.25616e-108
276,5,2,20.3963,0,1.62419e-24
278,0,0,12.2239,0,0.000237866
278,1,0,14.2169,0,1.84549e-06
278,2,1,21.5269,0,1.3702e-31
278,3,1,27.433,0,5.7377e-121
278,4,2,26.5053,0,7.69858e-98
278,5,2,19.5966,0,1.62686e-20
280,0,0,12.0751,0,0.000315054
280,1,0,14.7977,0,2.79084e-07
280,2,1,22.3032,0,1.24652e-37
280,3,1,27.6912,0,2.47539e-128
280,4,2,26.0079,0,2.48183e-87
280,5,2,18.801,0,3.34173e-17
282,0,0,12.0055,0,0.000358152
282,1,0,15.4304,0,2.61681e-08
282,2,1,23.0566,0,1.27457e-44
282,3,1,27.8725,0,8.96648e-134
282,4,2,25.4505,0,6.70273e-77
282,5,2,18.0173,0,1.75455e-14
284,0,0,12.0158,0,0.000351492
284,1,0,16.1088,0,1.36737e-09
284,2,1,23.7794,0,1.43479e-52
284,3,1,27.9752,0,5.88159e-137
284,4,2,24.8387,0,6.85772e-67
284,5,2,17.2535,0,2.90234e-12
286,0,0,12.1058,0,0.000297549
286,1,0,16.8261,0,3.50017e-11
286,2,1,24.4644,0,1.99049e-61
286,3,1,27.9982,0,1.11243e-137
286,4,2,24.1785,0,1.46866e-57
286,5,2,16.5171,0,1.82883e-10
288,0,0,12.2747,0,0.000215625
288,1,0,17.5751,0,3.76749e-13
288,2,1,25.1049,0,4.50774e-71
288,3,1,27.9413,0,6.75354e-136
288,4,2,23.4765,0,4.45502e-49
288,5,2,15.8155,0,5.18591e-09
290,0,0,12.5208,0,0.000131808
290,1,0,18.3483,0,1.42888e-15
290,2,1,25.6943,0,2.68095e-81
290,3,1,27.805,0,1.0113e-131
290,4,2,22.7398,0,1.55816e-41
290,5,2,15.1557,0,7.63102e-08
292,0,0,12.8417,0,6.64435e-05
292,1,0,19.138,0,1.56536e-18
292,2,1,26.2268,0,8.26576e-92
292,3,1,27.5908,0,2.04405e-125
292,4,2,21.9758,0,5.96767e-35
292,5,2,14.5443,0,6.56486e-07
294,0,0,13.234,0,2.67588e-05
294,1,0,19.9363,0,3.99465e-22
294,2,1,26.6971,0,3.15939e-102
294,3,1,27.3007,0,2.32978e-117
294,4,2,21.192,0,2.67394e-29
294,5,2,13.9874,0,3.64161e-06
296,0,0,13.694,0,8.25314e-06
296,1,0,20.7353,0,1.90317e-26
296,2,1,27.1005,0,4.1669e-112
296,3,1,26.9376,0,5.25616e-108
296,4,2,20.3963,0,1.62419e-24
296,5,2,13.4906,0,1.40987e-05
298,0,0,14.2169,0,1.84549e-06
298,1,0,21.5269,0,1.3702e-31
298,2,1,27.433,0,5.7377e-121
298,3,1,26.5053,0,7.69858e-98
298,4,2,19.5966,0,1.62686e-20
298,5,2,13.0588,0,4.05729e-05
300,0,0,14.7977,0,2.79084e-07
300,1,0,22.3032,0,1.24652e-37
300,2,1,27.6912,0,2.47539e-128
300,3,1,26.0079,0,2.48183e-87
300,4,2,18.801,0,3.34173e-17
300,5,2,12.6964,0,9.11684e-05
302,0,0,15.4304,0,2.61681e-08
302,1,0,23.0566,0,1.27457e-44
302,2,1,27.8725,0,8.96648e-134
302,3,1,25.4505,0,6.70273e-77
302,4,2,18.0173,0,1.75455e-14
302,5,2,12.407,0,0.000166082
304,0,0,16.1088,0,1.36737e-09
304,1,0,23.7794,0,1.43479e-52
304,2,1,27.9752,0,5.88159e-137
304,3,1,24.8387,0,6.85772e-67
304,4,2,17.2535,0,2.90234e-12
304,5,2,12.1934,0,0.000252171
306,0,0,16.8261,0,3.50017e-11
306,1,0,24.4644,0,1.99049e-61
306,2,1,27.9982,0,1.11243e-137
306,3,1,24.1785,0,1.46866e-57
306,4,2,16.5171,0,1.82883e-10
306,5,2,12.0579,0,0.000325299
308,0,0,17.5751,0,3.76749e-13
308,1,0,25.1049,0,4.50774e-71
308,2,1,27.9413,0,6.75354e-136
308,3,1,23.4765,0,4.45502e-49
308,4,2,15.8155,0,5.18591e-09
308,5,2,12.0017,0,0.000360691
310,0,0,18.3483,0,1.42888e-15
310,1,0,25.6943,0,2.68095e-81
310,2,1,27.805,0,1.0113e-131
310,3,1,22.7398,0,1.55816e-41
310,4,2,15.1557,0,7.63102e-08
310,5,2,12.0254,0,0.000345376
312,0,0,19.138,0,1.56536e-18
312,1,0,26.2268,0,8.26576e-92
312,2,1,27.5908,0,2.04405e-125
312,3,1,21.9758,0,5.96767e-35
312,4,2,14.5443,0,6.56486e-07
312,5,2,12.1287,0,0.000285034
314,0,0,19.9363,0,3.99465e-22
314,1,0,26.6971,0,3.15939e-102
314,2,1,27.3007,0,2.32978e-117
314,3,1,21.192,0,2.67394e-29
314,4,2,13.9874,0,3.64161e-06
314,5,2,12.3108,0,0.000200977
316,0,0,20.7353,0,1.90317e-26
316,1,0,27.1005,0,4.1669e-112
316,2,1,26.9376,0,5.25616e-108
316,3,1,20.3963,0,1.62419e-24
316,4,2,13.4906,0,1.40987e-05
316,5,2,12.5696,0,0.000119151
318,0,0,21.5269,0,1.3702e-31
318,1,0,27.433,0,5.7377e-121
318,2,1,26.5053,0,7.69858e-98
318,3,1,19.5966,0,1.62686e-20
318,4,2,13.0588,0,4.05729e-05
318,5,2,12.9027,0,5.79822e-05
320,0,0,22.3032,0,1.24652e-37
320,1,0,27.6912,0,2.47539e-128
320,2,1,26.0079,0,2.48183e-87
320,3,1,18.801,0,3.34173e-17
320,4,2,12.6964,0,9.11684e-05
320,5,2,13.3068,0,2.24e-05
322,0,0,23.0566,0,1.27457e-44
322,1,0,27.8725,0,8.96648e-134
322,2,1,25.4505,0,6.70273e-77
322,3,1,18.0173,0,1.75455e-14
322,4,2,12.407,0,0.000166082
322,5,2,13.7776,0,6.57268e-06
324,0,0,23.7794,0,1.43479e-52
324,1,0,27.9752,0,5.88159e-137
324,2,1,24.8387,0,6.85772e-67
324,3,1,17.2535,0,2.90234e-12
324,4,2,12.1934,0,0.000252171
324,5,2,14.3107,0,1.38349e-06
326,0,0,24.4644,0,1.99049e-61
326,1,0,27.9982,0,1.11243e-137
326,2,1,24.1785,0,1.46866e-57
326,3,1,16.5171,0,1.82883e-10
326,4,2,12.0579,0,0.000325299
326,5,2,14.9006,0,1.94335e-07
328,0,0,25.1049,0,4.50774e-71
328,1,0,27.9413,0,6.75354e-136
328,2,1,23.4765,0,4.45502e-49
328,3,1,15.8155,0,5.18591e-09
328,4,2,12.0017,0,0.000360691
328,5,2,15.5415,0,1.66489e-08
330,0,0,25.6943,0,2.68095e-81
330,1,0,27.805,0,1.0113e-131
330,2,1,22.7398,0,1.55816e-41
330,3,1,15.1557,0,7.63102e-08
330,4,2,12.0254,0,0.000345376
330,5,2,16.2269,0,7.79074e-10
332,0,0,26.2268,0,8.26576e-92
332,1,0,27.5908,0,2.04405e-125
332,2,1,21.9758,0,5.96767e-35
332,3,1,14.5443,0,6.56486e-07
332,4,2,12.1287,0,0.000285034
332,5,2,16.95,0,1.74359e-11
334,0,0,26.6971,0,3.15939e-102
334,1,0,27.3007,0,2.32978e-117
334,2,1,21.192,0,2.67394e-29
334,3,1,13.9874,0,3.64161e-06
334,4,2,12.3108,0,0.000200977
334,5,2,17.7036,0,1.59544e-13
336,0,0,27.1005,0,4.1669e-112
336,1,0,26.9376,0,5.25616e-108
336,2,1,20.3963,0,1.62419e-24
336,3,1,13.4906,0,1.40987e-05
336,4,2,12.5696,0,0.000119151
336,5,2,18.4801,0,4.98206e-16
338,0,0,27.433,0,5.7377e-121
338,1,0,26.5053,0,7.69858e-98
338,2,1,19.5966,0,1.62686e-20
338,3,1,13.0588,0,4.05729e-05
338,4,2,12.9027,0,5.79822e-05
338,5,2,19.2718,0,4.33817e-19
340,0,0,27.6912,0,2.47539e-128
340,1,0,26.0079,0,2.48183e-87
340,2,1,18.801,0,3.34173e-17
340,3,1,12.6964,0,9.11684e-05
340,4,2,13.3068,0,2.24e-05
340,5,2,20.0708,0,8.47855e-23
342,0,0,27.8725,0,8.96648e-134
342,1,0,25.4505,0,6.70273e-77
342,2,1,18.0173,0,1.75455e-14
342,3,1,12.407,0,0.000166082
342,4,2,13.7776,0,6.57268e-06
342,5,2,20.8691,0,2.98194e-27
344,0,0,27.9752,0,5.88159e-137
344,1,0,24.8387,0,6.85772e-67
344,2,1,17.2535,0,2.90234e-12
344,3,1,12.1934,0,0.000252171
344,4,2,14.3107,0,1.38349e-06
344,5,2,21.6587,0,1.53328e-32
346,0,0,27.9982,0,1.11243e-137
346,1,0,24.1785,0,1.46866e-57
346,2,1,16.5171,0,1.82883e-10
346,3,1,12.0579,0,0.000325299
346,4,2,14.9006,0,1.94335e-07
346,5,2,22.4317,0,9.71712e-39
348,0,0,27.9413,0,6.75354e-136
348,1,0,23.4765,0,4.45502e-49
348,2,1,15.8155,0,5.18591e-09
348,3,1,12.0017,0,0.000360691
348,4,2,15.5415,0,1.66489e-08
348,5,2,23.1804,0,6.84428e-46
350,0,0,27.805,0,1.0113e-131
350,1,0,22.7398,0,1.55816e-41
350,2,1,15.1557,0,7.63102e-08
350,3,1,12.0254,0,0.000345376
350,4,2,16.2269,0,7.79074e-10
350,5,2,23.8974,0,5.35331e-54
352,0,0,27.5908,0,2.04405e-125
352,1,0,21.9758,0,5.96767e-35
352,2,1,14.5443,0,6.56486e-07
352,3,1,12.1287,0,0.000285034
352,4,2,16.95,0,1.74359e-11
352,5,2,24.5754,0,5.34207e-63
354,0,0,27.3007,0,2.32978e-117
354,1,0,21.192,0,2.67394e-29
354,2,1,13.9874,0,3.64161e-06
354,3,1,12.3108,0,0.000200977
354,4,2,17.7036,0,1.59544e-13
354,5,2,25.2077,0,9.29432e-73
356,0,0,26.9376,0,5.25616e-108
356,1,0,20.3963,0,1.62419e-24
356,2,1,13.4906,0,1.40987e-05
356,3,1,12.5696,0,0.000119151
356,4,2,18.4801,0,4.98206e-16
356,5,2,25.788,0,4.6937e-83
358,0,0,26.5053,0,7.69858e-98
358,1,0,19.5966,0,1.62686e-20
358,2,1,13.0588,0,4.05729e-05
358,3,1,12.9027,0,5.79822e-05
358,4,2,19.2718,0,4.33817e-19
358,5,2,26.3104,0,1.40488e-93
360,0,0,26.0079,0,2.48183e-87
360,1,0,18.801,0,3.34173e-17
360,2,1,12.6964,0,9.11684e-05
360,3,1,13.3068,0,2.24e-05
360,4,2,20.0708,0,8.47855e-23
360,5,2,26.7698,0,6.13612e-104
362,0,0,25.4505,0,6.70273e-77
362,1,0,18.0173,0,1.75455e-14
362,2,1,12.407,0,0.000166082
362,3,1,13.7776,0,6.57268e-06
362,4,2,20.8691,0,2.98194e-27
362,5,2,27.1615,0,1.11001e-113
364,0,0,24.8387,0,6.85772e-67
364,1,0,17.2535,0,2.90234e-12
364,2,1,12.1934,0,0.000252171
364,3,1,14.3107,0,1.38349e-06
364,4,2,21.6587,0,1.53328e-32
364,5,2,27.4817,0,2.5303e-122
366,0,0,24.1785,0,1.46866e-57
366,1,0,16.5171,0,1.82883e-10
366,2,1,12.0579,0,0.000325299
366,3,1,14.9006,0,1.94335e-07
366,4,2,22.4317,0,9.71712e-39
366,5,2,27.7271,0,2.15622e-129
368,0,0,23.4765,0,4.45502e-49
368,1,0,15.8155,0,5.18591e-09
368,2,1,12.0017,0,0.000360691
368,3,1,15.5415,0,1.66489e-08
368,4,2,23.1804,0,6.84428e-46
368,5,2,27.8953,0,1.78716e-134
370,0,0,22.7398,0,1.55816e-41
370,1,0,15.1557,0,7.63102e-08
370,2,1,12.0254,0,0.000345376
370,3,1,16.2269,0,7.79074e-10
370,4,2,23.8974,0,5.35331e-54
370,5,2,27.9847,0,2.96868e-137
372,0,0,21.9758,0,5.96767e-35
372,1,0,14.5443,0,6.56486e-07
372,2,1,12.1287,0,0.000285034
372,3,1,16.95,0,1.74359e-11
372,4,2,24.5754,0,5.34207e-63
372,5,2,27.9942,0,1.4858e-137
374,0,0,21.192,0,2.67394e-29
374,1,0,13.9874,0,3.64161e-06
374,2,1,12.3108,0,0.000200977
374,3,1,17.7036,0,1.59544e-13
374,4,2,25.2077,0,9.29432e-73
374,5,2,27.9239,0,2.34275e-135
376,0,0,20.3963,0,1.62419e-24
376,1,0,13.4906,0,1.40987e-05
376,2,1,12.5696,0,0.000119151
376,3,1,18.4801,0,4.98206e-16
376,4,2,25.788,0,4.6937e-83
376,5,2,27.7744,0,8.41838e-131
378,0,0,19.5966,0,1.62686e-20
378,1,0,13.0588,0,4.05729e-05
378,2,1,12.9027,0,5.79822e-05
378,3,1,19.2718,0,4.33817e-19
378,4,2,26.3104,0,1.40488e-93
378,5,2,27.5472,0,3.58453e-124
380,0,0,18.801,0,3.34173e-17
380,1,0,12.6964,0,9.11684e-05
380,2,1,13.3068,0,2.24e-05
380,3,1,20.0708,0,8.47855e-23
380,4,2,26.7698,0,6.13612e-104
380,5,2,27.2446,0,7.28525e-116
382,0,0,18.0173,0,1.75455e-14
382,1,0,12.407,0,0.000166082
382,2,1,13.7776,0,6.57268e-06
382,3,1,20.8691,0,2.98194e-27
382,4,2,27.1615,0,1.11001e-113
382,5,2,26.8697,0,2.43435e-106
384,0,0,17.2535,0,2.90234e-12
384,1,0,12.1934,0,0.000252171
384,2,1,14.3107,0,1.38349e-06
384,3,1,21.6587,0,1.53328e-32
384,4,2,27.4817,0,2.5303e-122
384,5,2,26.426,0,4.3814e-96
386,0,0,16.5171,0,1.82883e-10
386,1,0,12.0579,0,0.000325299
386,2,1,14.9006,0,1.94335e-07
386,3,1,22.4317,0,9.71712e-39
386,4,2,27.7271,0,2.15622e-129
386,5,2,25.9182,0,1.46078e-85
388,0,0,15.8155,0,5.18591e-09
388,1,0,12.0017,0,0.000360691
388,2,1,15.5415,0,1.66489e-08
388,3,1,23.1804,0,6.84428e-46
388,4,2,27.8953,0,1.78716e-134
388,5,2,25.3513,0,3.52375e-75
390,0,0,15.1557,0,7.63102e-08
390,1,0,12.0254,0,0.000345376
390,2,1,16.2269,0,7.79074e-10
390,3,1,23.8974,0,5.35331e-54
390,4,2,27.9847,0,2.96868e-137
390,5,2,24.7309,0,2.87282e-65
392,0,0,14.5443,0,6.56486e-07
392,1,0,12.1287,0,0.000285034
392,2,1,16.95,0,1.74359e-11
392,3,1,24.5754,0,5.34207e-63
392,4,2,27.9942,0,1.4858e-137
392,5,2,24.0632,0,4.52759e-56
394,0,0,13.9874,0,3.64161e-06
394,1,0,12.3108,0,0.000200977
394,2,1,17.7036,0,1.59544e-13
394,3,1,25.2077,0,9.29432e-73
394,4,2,27.9239,0,2.34275e-135
394,5,2,23.3549,0,9.64461e-48
396,0,0,13.4906,0,1.40987e-05
396,1,0,12.5696,0,0.000119151
396,2,1,18.4801,0,4.98206e-16
396,3,1,25.788,0,4.6937e-83
396,4,2,27.7744,0,8.41838e-131
396,5,2,22.6131,0,2.32542e-40
398,0,0,13.0588,0,4.05729e-05
398,1,0,12.9027,0,5.79822e-05
398,2,1,19.2718,0,4.33817e-19
398,3,1,26.3104,0,1.40488e-93
398,4,2,27.5472,0,3.58453e-124
398,5,2,21.8452,0,6.16377e-34
400,0,0,12.6964,0,9.11684e-05
400,1,0,13.3068,0,2.24e-05
400,2,1,20.0708,0,8.47855e-23
400,3,1,26.7698,0,6.13612e-104
400,4,2,27.2446,0,7.28525e-116
400,5,2,21.0588,0,1.95008e-28
402,0,0,12.407,0,0.000166082
402,1,0,13.7776,0,6.57268e-06
402,2,1,20.8691,0,2.98194e-27
402,3,1,27.1615,0,1.11001e-113
402,4,2,26.8697,0,2.43435e-106
402,5,2,20.2619,0,8.62136e-24
404,0,0,12.1934,0,0.000252171
404,1,0,14.3107,0,1.38349e-06
404,2,1,21.6587,0,1.53328e-32
404,3,1,27.4817,0,2.5303e-122
404,4,2,26.426,0,4.3814e-96
404,5,2,19.4623,0,6.51402e-20
406,0,0,12.0579,0,0.000325299
406,1,0,14.9006,0,1.94335e-07
406,2,1,22.4317,0,9.71712e-39
406,3,1,27.7271,0,2.15622e-129
406,4,2,25.9182,0,1.46078e-85
406,5,2,18.6682,0,1.0477e-16
408,0,0,12.0017,0,0.000360691
408,1,0,15.5415,0,1.66489e-08
408,2,1,23.1804,0,6.84428e-46
408,3,1,27.8953,0,1.78716e-134
408,4,2,25.3513,0,3.52375e-75
408,5,2,17.8873,0,4.46613e-14
410,0,0,12.0254,0,0.000345376
410,1,0,16.2269,0,7.79074e-10
410,2,1,23.8974,0,5.35331e-54
410,3,1,27.9847,0,2.96868e-137
410,4,2,24.7309,0,2.87282e-65
410,5,2,17.1275,0,6.20196e-12
412,0,0,12.1287,0,0.000285034
412,1,0,16.95,0,1.74359e-11
412,2,1,24.5754,0,5.34207e-63
412,3,1,27.9942,0,1.4858e-137
412,4,2,24.0632,0,4.52759e-56
412,5,2,16.3965,0,3.37963e-10
414,0,0,12.3108,0,0.000200977
414,1,0,17.7036,0,1.59544e-13
414,2,1,25.2077,0,9.29432e-73
414,3,1,27.9239,0,2.34275e-135
414,4,2,23.3549,0,9.64461e-48
414,5,2,15.7014,0,8.503e-09
416,0,0,12.5696,0,0.000119151
416,1,0,18.4801,0,4.98206e-16
416,2,1,25.788,0,4.6937e-83
416,3,1,27.7744,0,8.41838e-131
416,4,2,22.6131,0,2.32542e-40
416,5,2,15.0493,0,1.13442e-07
418,0,0,12.9027,0,5.79822e-05
418,1,0,19.2718,0,4.33817e-19
418,2,1,26.3104,0,1.40488e-93
418,3,1,27.5472,0,3.58453e-124
418,4,2,21.8452,0,6.16377e-34
418,5,2,14.4467,0,9.00812e-07
420,0,0,13.3068,0,2.24e-05
420,1,0,20.0708,0,8.47855e-23
420,2,1,26.7698,0,6.13612e-104
420,3,1,27.2446,0,7.28525e-116
420,4,2,21.0588,0,1.95008e-28
420,5,2,13.8995,0,4.67995e-06
422,0,0,13.7776,0,6.57268e-06
422,1,0,20.8691,0,2.98194e-27
422,2,1,27.1615,0,1.11001e-113
422,3,1,26.8697,0,2.43435e-106
422,4,2,20.2619,0,8.62136e-24
422,5,2,13.4133,0,1.71682e-05
424,0,0,14.3107,0,1.38349e-06
424,1,0,21.6587,0,1.53328e-32
424,2,1,27.4817,0,2.5303e-122
424,3,1,26.426,0,4.3814e-96
424,4,2,19.4623,0,6.51402e-20
424,5,2,12.993,0,4.72464e-05
426,0,0,14.9006,0,1.94335e-07
426,1,0,22.4317,0,9.71712e-39
426,2,1,27.7271,0,2.15622e-129
426,3,1,25.9182,0,1.46078e-85
426,4,2,18.6682,0,1.0477e-16
426,5,2,12.6426,0,0.000102244
428,0,0,15.5415,0,1.66489e-08
428,1,0,23.1804,0,6.84428e-46
428,2,1,27.8953,0,1.78716e-134
428,3,1,25.3513,0,3.52375e-75
428,4,2,17.8873,0,4.46613e-14
428,5,2,12.3657,0,0.000180336
430,0,0,16.2269,0,7.79074e-10
430,1,0,23.8974,0,5.35331e-54
430,2,1,27.9847,0,2.96868e-137
430,3,1,24.7309,0,2.87282e-65
430,4,2,17.1275,0,6.20196e-12
430,5,2,12.1651,0,0.000266112
432,0,0,16.95,0,1.74359e-11
432,1,0,24.5754,0,5.34207e-63
432,2,1,27.9942,0,1.4858e-137
432,3,1,24.0632,0,4.52759e-56
432,4,2,16.3965,0,3.37963e-10
432,5,2,12.0428,0,0.000334449
434,0,0,17.7036,0,1.59544e-13
434,1,0,25.2077,0,9.29432e-73
434,2,1,27.9239,0,2.34275e-135
434,3,1,23.3549,0,9.64461e-48
434,4,2,15.7014,0,8.503e-09
434,5,2,12.0001,0,0.00036175
436,0,0,18.4801,0,4.98206e-16
436,1,0,25.788,0,4.6937e-83
436,2,1,27.7744,0,8.41838e-131
436,3,1,22.6131,0,2.32542e-40
436,4,2,15.0493,0,1.13442e-07
436,5,2,12.0372,0,0.000337948
438,0,0,19.2718,0,4.33817e-19
438,1,0,26.3104,0,1.40488e-93
438,2,1,27.5472,0,3.58453e-124
438,3,1,21.8452,0,6.16377e-34
438,4,2,14.4467,0,9.00812e-07
438,5,2,12.1539,0,0.000271837
440,0,0,20.0708,0,8.47855e-23
440,1,0,26.7698,0,6.13612e-104
440,2,1,27.2446,0,7.28525e-116
440,3,1,21.0588,0,1.95008e-28
440,4,2,13.8995,0,4.67995e-06
440,5,2,12.349,0,0.000186412
442,0,0,20.8691,0,2.98194e-27
442,1,0,27.1615,0,1.11001e-113
442,2,1,26.8697,0,2.43435e-106
442,3,1,20.2619,0,8.62136e-24
442,4,2,13.4133,0,1.71682e-05
442,5,2,12.6205,0,0.000107112
444,0,0,21.6587,0,1.53328e-32
444,1,0,27.4817,0,2.5303e-122
444,2,1,26.426,0,4.3814e-96
444,3,1,19.4623,0,6.51402e-20
444,4,2,12.993,0,4.72464e-05
444,5,2,12.9658,0,5.02704e-05
446,0,0,22.4317,0,9.71712e-39
446,1,0,27.7271,0,2.15622e-129
446,2,1,25.9182,0,1.46078e-85
446,3,1,18.6682,0,1.0477e-16
446,4,2,12.6426,0,0.000102244
446,5,2,13.3814,0,1.86065e-05
448,0,0,23.1804,0,6.84428e-46
448,1,0,27.8953,0,1.78716e-134
448,2,1,25.3513,0,3.52375e-75
448,3,1,17.8873,0,4.46613e-14
448,4,2,12.3657,0,0.000180336
448,5,2,13.8631,0,5.18564e-06
450,0,0,23.8974,0,5.35331e-54
450,1,0,27.9847,0,2.96868e-137
450,2,1,24.7309,0,2.87282e-65
450,3,1,17.1275,0,6.20196e-12
450,4,2,12.1651,0,0.000266112
450,5,2,14.4061,0,1.02539e-06
452,0,0,24.5754,0,5.34207e-63
452,1,0,27.9942,0,1.4858e-137
452,2,1,24.0632,0,4.52759e-56
452,3,1,16.3965,0,3.37963e-10
452,4,2,12.0428,0,0.000334449
452,5,2,15.005,0,1.3345e-07
454,0,0,25.2077,0,9.29432e-73
454,1,0,27.9239,0,2.34275e-135
454,2,1,23.3549,0,9.64461e-48
454,3,1,15.7014,0,8.503e-09
454,4,2,12.0001,0,0.00036175
454,5,2,15.6538,0,1.04134e-08
456,0,0,25.788,0,4.6937e-83
456,1,0,27.7744,0,8.41838e-131
456,2,1,22.6131,0,2.32542e-40
456,3,1,15.0493,0,1.13442e-07
456,4,2,12.0372,0,0.000337948
456,5,2,16.346,0,4.3475e-10
458,0,0,26.3104,0,1.40488e-93
458,1,0,27.5472,0,3.58453e-124
458,2,1,21.8452,0,6.16377e-34
458,3,1,14.4467,0,9.00812e-07
458,4,2,12.1539,0,0.000271837
458,5,2,17.0748,0,8.46922e-12
460,0,0,26.7698,0,6.13612e-104
460,1,0,27.2446,0,7.28525e-116
460,2,1,21.0588,0,1.95008e-28
460,3,1,13.8995,0,4.67995e-06
460,4,2,12.349,0,0.000186412
460,5,2,17.8328,0,6.55438e-14
462,0,0,27.1615,0,1.11001e-113
462,1,0,26.8697,0,2.43435e-106
462,2,1,20.2619,0,8.62136e-24
462,3,1,13.4133,0,1.71682e-05
462,4,2,12.6205,0,0.000107112
462,5,2,18.6124,0,1.67555e-16
464,0,0,27.4817,0,2.5303e-122
464,1,0,26.426,0,4.3814e-96
464,2,1,19.4623,0,6.51402e-20
464,3,1,12.993,0,4.72464e-05
464,4,2,12.9658,0,5.02704e-05
464,5,2,19.4059,0,1.15254e-19
466,0,0,27.7271,0,2.15622e-129
466,1,0,25.9182,0,1.46078e-85
466,2,1,18.6682,0,1.0477e-16
466,3,1,12.6426,0,0.000102244
466,4,2,13.3814,0,1.86065e-05
466,5,2,20.2053,0,1.71432e-23
468,0,0,27.8953,0,1.78716e-134
468,1,0,25.3513,0,3.52375e-75
468,2,1,17.8873,0,4.46613e-14
468,3,1,12.3657,0,0.000180336
468,4,2,13.8631,0,5.18564e-06
468,5,2,21.0027,0,4.42462e-28
470,0,0,27.9847,0,2.96868e-137
470,1,0,24.7309,0,2.87282e-65
470,2,1,17.1275,0,6.20196e-12
470,3,1,12.1651,0,0.000266112
470,4,2,14.4061,0,1.02539e-06
470,5,2,21.79,0,1.61691e-33
472,0,0,27.9942,0,1.4858e-137
472,1,0,24.0632,0,4.52759e-56
472,2,1,16.3965,0,3.37963e-10
472,3,1,12.0428,0,0.000334449
472,4,2,15.005,0,1.3345e-07
472,5,2,22.5595,0,7.117e-40
474,0,0,27.9239,0,2.34275e-135
474,1,0,23.3549,0,9.64461e-48
474,2,1,15.7014,0,8.503e-09
474,3,1,12.0001,0,0.00036175
474,4,2,15.6538,0,1.04134e-08
474,5,2,23.3034,0,3.45275e-47
476,0,0,27.7744,0,8.41838e-131
476,1,0,22.6131,0,2.32542e-40
476,2,1,15.0493,0,1.13442e-07
476,3,1,12.0372,0,0.000337948
476,4,2,16.346,0,4.3475e-10
476,5,2,24.0143,0,1.88366e-55
478,0,0,27.5472,0,3.58453e-124
478,1,0,21.8452,0,6.16377e-34
478,2,1,14.4467,0,9.00812e-07
478,3,1,12.1539,0,0.000271837
478,4,2,17.0748,0,8.46922e-12
478,5,2,24.6851,0,1.364e-64
480,0,0,27.2446,0,7.28525e-116
480,1,0,21.0588,0,1.95008e-28
480,2,1,13.8995,0,4.67995e-06
480,3,1,12.349,0,0.000186412
480,4,2,17.8328,0,6.55438e-14
480,5,2,25.3091,0,1.84962e-74
482,0,0,26.8697,0,2.43435e-106
482,1,0,20.2619,0,8.62136e-24
482,2,1,13.4133,0,1.71682e-05
482,3,1,12.6205,0,0.000107112
482,4,2,18.6124,0,1.67555e-16
482,5,2,25.88,0,8.09338e-85
484,0,0,26.426,0,4.3814e-96
484,1,0,19.4623,0,6.51402e-20
484,2,1,12.993,0,4.72464e-05
484,3,1,12.9658,0,5.02704e-05
484,4,2,19.4059,0,1.15254e-19
484,5,2,26.3922,0,2.41265e-95
486,0,0,25.9182,0,1.46078e-85
486,1,0,18.6682,0,1.0477e-16
486,2,1,12.6426,0,0.000102244
486,3,1,13.3814,0,1.86065e-05
486,4,2,20.2053,0,1.71432e-23
486,5,2,26.8405,0,1.2404e-105
488,0,0,25.3513,0,3.52375e-75
488,1,0,17.8873,0,4.46613e-14
488,2,1,12.3657,0,0.000180336
488,3,1,13.8631,0,5.18564e-06
488,4,2,21.0027,0,4.42462e-28
488,5,2,27.2204,0,3.17668e-115
490,0,0,24.7309,0,2.87282e-65
490,1,0,17.1275,0,6.20196e-12
490,2,1,12.1651,0,0.000266112
490,3,1,14.4061,0,1.02539e-06
490,4,2,21.79,0,1.61691e-33
490,5,2,27.5283,0,1.23652e-123
492,0,0,24.0632,0,4.52759e-56
492,1,0,16.3965,0,3.37963e-10
492,2,1,12.0428,0,0.000334449
492,3,1,15.005,0,1.3345e-07
492,4,2,22.5595,0,7.117e-40
492,5,2,27.7608,0,2.13886e-130
494,0,0,23.3549,0,9.64461e-48
494,1,0,15.7014,0,8.503e-09
494,2,1,12.0001,0,0.00036175
494,3,1,15.6538,0,1.04134e-08
494,4,2,23.3034,0,3.45275e-47
494,5,2,27.9159,0,4.14103e-135
496,0,0,22.6131,0,2.32542e-40
496,1,0,15.0493,0,1.13442e-07
496,2,1,12.0372,0,0.000337948
496,3,1,16.346,0,4.3475e-10
496,4,2,24.0143,0,1.88366e-55
496,5,2,27.9919,0,1.76233e-137
498,0,0,21.8452,0,6.16377e-34
498,1,0,14.4467,0,9.00812e-07
498,2,1,12.1539,0,0.000271837
498,3,1,17.0748,0,8.46922e-12
498,4,2,24.6851,0,1.364e-64
498,5,2,27.988,0,2.33699e-137
500,0,0,21.0588,0,1.95008e-28
500,1,0,13.8995,0,4.67995e-06
500,2,1,12.349,0,0.000186412
500,3,1,17.8328,0,6.55438e-14
500,4,2,25.3091,0,1.84962e-74
500,5,2,27.9043,0,9.4823e-135
502,0,0,20.2619,0,8.62136e-24
502,1,0,13.4133,0,1.71682e-05
502,2,1,12.6205,0,0.000107112
502,3,1,18.6124,0,1.67555e-16
502,4,2,25.88,0,8.09338e-85
502,5,2,27.7416,0,8.02537e-130
504,0,0,19.4623,0,6.51402e-20
504,1,0,12.993,0,4.72464e-05
504,2,1,12.9658,0,5.02704e-05
504,3,1,19.4059,0,1.15254e-19
504,4,2,26.3922,0,2.41265e-95
504,5,2,27.5015,0,7.01448e-123
506,0,0,18.6682,0,1.0477e-16
506,1,0,12.6426,0,0.000102244
506,2,1,13.3814,0,1.86065e-05
506,3,1,20.2053,0,1.71432e-23
506,4,2,26.8405,0,1.2404e-105
506,5,2,27.1865,0,2.46605e-114
508,0,0,17.8873,0,4.46613e-14
508,1,0,12.3657,0,0.000180336
508,2,1,13.8631,0,5.18564e-06
508,3,1,21.0027,0,4.42462e-28
508,4,2,27.2204,0,3.17668e-115
508,5,2,26.7998,0,1.18228e-104
510,0,0,17.1275,0,6.20196e-12
510,1,0,12.1651,0,0.000266112
510,2,1,14.4061,0,1.02539e-06
510,3,1,21.79,0,1.61691e-33
510,4,2,27.5283,0,1.23652e-123
510,5,2,26.345,0,2.53662e-94
512,0,0,16.3965,0,3.37963e-10
512,1,0,12.0428,0,0.000334449
512,2,1,15.005,0,1.3345e-07
512,3,1,22.5595,0,7.117e-40
512,4,2,27.7608,0,2.13886e-130
512,5,2,25.8269,0,8.51618e-84
514,0,0,15.7014,0,8.503e-09
514,1,0,12.0001,0,0.00036175
514,2,1,15.6538,0,1.04134e-08
514,3,1,23.3034,0,3.45275e-47
514,4,2,27.9159,0,4.14103e-135
514,5,2,25.2505,0,1.7957e-73
516,0,0,15.0493,0,1.13442e-07
516,1,0,12.0372,0,0.000337948
516,2,1,16.346,0,4.3475e-10
516,3,1,24.0143,0,1.88366e-55
516,4,2,27.9919,0,1.76233e-137
516,5,2,24.6217,0,1.1483e-63
518,0,0,14.4467,0,9.00812e-07
518,1,0,12.1539,0,0.000271837
518,2,1,17.0748,0,8.46922e-12
518,3,1,24.6851,0,1.364e-64
518,4,2,27.988,0,2.33699e-137
518,5,2,23.9467,0,1.31844e-54
520,0,0,13.8995,0,4.67995e-06
520,1,0,12.349,0,0.000186412
520,2,1,17.8328,0,6.55438e-14
520,3,1,25.3091,0,1.84962e-74
520,4,2,27.9043,0,9.4823e-135
520,5,2,23.2323,0,1.96254e-46
522,0,0,13.4133,0,1.71682e-05
522,1,0,12.6205,0,0.000107112
522,2,1,18.6124,0,1.67555e-16
522,3,1,25.88,0,8.09338e-85
522,4,2,27.7416,0,8.02537e-130
522,5,2,22.4856,0,3.25964e-39
524,0,0,12.993,0,4.72464e-05
524,1,0,12.9658,0,5.02704e-05
524,2,1,19.4059,0,1.15254e-19
524,3,1,26.3922,0,2.41265e-95
524,4,2,27.5015,0,7.01448e-123
524,5,2,21.714,0,5.99396e-33
526,0,0,12.6426,0,0.000102244
526,1,0,13.3814,0,1.86065e-05
526,2,1,20.2053,0,1.71432e-23
526,3,1,26.8405,0,1.2404e-105
526,4,2,27.1865,0,2.46605e-114
526,5,2,20.9253,0,1.34507e-27
528,0,0,12.3657,0,0.000180336
528,1,0,13.8631,0,5.18564e-06
528,2,1,21.0027,0,4.42462e-28
528,3,1,27.2204,0,3.17668e-115
528,4,2,26.7998,0,1.18228e-104
528,5,2,20.1274,0,4.35317e-23
530,0,0,12.1651,0,0.000266112
530,1,0,14.4061,0,1.02539e-06
530,2,1,21.79,0,1.61691e-33
530,3,1,27.5283,0,1.23652e-123
530,4,2,26.345,0,2.53662e-94
530,5,2,19.3282,0,2.49662e-19
532,0,0,12.0428,0,0.000334449
532,1,0,15.005,0,1.3345e-07
532,2,1,22.5595,0,7.117e-40
532,3,1,27.7608,0,2.13886e-130
532,4,2,25.8269,0,8.51618e-84
532,5,2,18.5357,0,3.16383e-16
534,0,0,12.0001,0,0.00036175
534,1,0,15.6538,0,1.04134e-08
534,2,1,23.3034,0,3.45275e-47
534,3,1,27.9159,0,4.14103e-135
534,4,2,25.2505,0,1.7957e-73
534,5,2,17.7579,0,1.1014e-13
536,0,0,12.0372,0,0.000337948
536,1,0,16.346,0,4.3475e-10
536,2,1,24.0143,0,1.88366e-55
536,3,1,27.9919,0,1.76233e-137
536,4,2,24.6217,0,1.1483e-63
536,5,2,17.0024,0,1.29076e-11
538,0,0,12.1539,0,0.000271837
538,1,0,17.0748,0,8.46922e-12
538,2,1,24.6851,0,1.364e-64
538,3,1,27.988,0,2.33699e-137
538,4,2,23.9467,0,1.31844e-54
538,5,2,16.2769,0,6.11082e-10
540,0,0,12.349,0,0.000186412
540,1,0,17.8328,0,6.55438e-14
540,2,1,25.3091,0,1.84962e-74
540,3,1,27.9043,0,9.4823e-135
540,4,2,23.2323,0,1.96254e-46
540,5,2,15.5886,0,1.36947e-08
542,0,0,12.6205,0,0.000107112
542,1,0,18.6124,0,1.67555e-16
542,2,1,25.88,0,8.09338e-85
542,3,1,27.7416,0,8.02537e-130
542,4,2,22.4856,0,3.25964e-39
542,5,2,14.9444,0,1.66195e-07
544,0,0,12.9658,0,5.02704e-05
544,1,0,19.4059,0,1.15254e-19
544,2,1,26.3922,0,2.41265e-95
544,3,1,27.5015,0,7.01448e-123
544,4,2,21.714,0,5.99396e-33
544,5,2,14.3506,0,1.22138e-06
546,0,0,13.3814,0,1.86065e-05
546,1,0,20.2053,0,1.71432e-23
546,2,1,26.8405,0,1.2404e-105
546,3,1,27.1865,0,2.46605e-114
546,4,2,20.9253,0,1.34507e-27
546,5,2,13.8134,0,5.95568e-06
548,0,0,13.8631,0,5.18564e-06
548,1,0,21.0027,0,4.42462e-28
548,2,1,27.2204,0,3.17668e-115
548,3,1,26.7998,0,1.18228e-104
548,4,2,20.1274,0,4.35317e-23
548,5,2,13.3379,0,2.07375e-05
550,0,0,14.4061,0,1.02539e-06
550,1,0,21.79,0,1.61691e-33
550,2,1,27.5283,0,1.23652e-123
550,3,1,26.345,0,2.53662e-94
550,4,2,19.3282,0,2.49662e-19
550,5,2,12.929,0,5.46466e-05
552,0,0,15.005,0,1.3345e-07
552,1,0,22.5595,0,7.117e-40
552,2,1,27.7608,0,2.13886e-130
552,3,1,25.8269,0,8.51618e-84
552,4,2,18.5357,0,3.16383e-16
552,5,2,12.5908,0,0.000114007
554,0,0,15.6538,0,1.04134e-08
554,1,0,23.3034,0,3.45275e-47
554,2,1,27.9159,0,4.14103e-135
554,3,1,25.2505,0,1.7957e-73
554,4,2,17.7579,0,1.1014e-13
554,5,2,12.3266,0,0.000194832
556,0,0,16.346,0,4.3475e-10
556,1,0,24.0143,0,1.88366e-55
556,2,1,27.9919,0,1.76233e-137
556,3,1,24.6217,0,1.1483e-63
556,4,2,17.0024,0,1.29076e-11
556,5,2,12.1391,0,0.000279557
558,0,0,17.0748,0,8.46922e-12
558,1,0,24.6851,0,1.364e-64
558,2,1,27.988,0,2.33699e-137
558,3,1,23.9467,0,1.31844e-54
558,4,2,16.2769,0,6.11082e-10
558,5,2,12.0301,0,0.000342406
560,0,0,17.8328,0,6.55438e-14
560,1,0,25.3091,0,1.84962e-74
560,2,1,27.9043,0,9.4823e-135
560,3,1,23.2323,0,1.96254e-46
560,4,2,15.5886,0,1.36947e-08
560,5,2,12.0007,0,0.000361318
562,0,0,18.6124,0,1.67555e-16
562,1,0,25.88,0,8.09338e-85
562,2,1,27.7416,0,8.02537e-130
562,3,1,22.4856,0,3.25964e-39
562,4,2,14.9444,0,1.66195e-07
562,5,2,12.0513,0,0.000329289
564,0,0,19.4059,0,1.15254e-19
564,1,0,26.3922,0,2.41265e-95
564,2,1,27.5015,0,7.01448e-123
564,3,1,21.714,0,5.99396e-33
564,4,2,14.3506,0,1.22138e-06
564,5,2,12.1813,0,0.000258089
566,0,0,20.2053,0,1.71432e-23
566,1,0,26.8405,0,1.2404e-105
566,2,1,27.1865,0,2.46605e-114
566,3,1,20.9253,0,1.34507e-27
566,4,2,13.8134,0,5.95568e-06
566,5,2,12.3894,0,0.000172044
568,0,0,21.0027,0,4.42462e-28
568,1,0,27.2204,0,3.17668e-115
568,2,1,26.7998,0,1.18228e-104
568,3,1,20.1274,0,4.35317e-23
568,4,2,13.3379,0,2.07375e-05
568,5,2,12.6735,0,9.57426e-05
570,0,0,21.79,0,1.61691e-33
570,1,0,27.5283,0,1.23652e-123
570,2,1,26.345,0,2.53662e-94
570,3,1,19.3282,0,2.49662e-19
570,4,2,12.929,0,5.46466e-05
570,5,2,13.0309,0,4.32939e-05
572,0,0,22.5595,0,7.117e-40
572,1,0,27.7608,0,2.13886e-130
572,2,1,25.8269,0,8.51618e-84
572,3,1,18.5357,0,3.16383e-16
572,4,2,12.5908,0,0.000114007
572,5,2,13.4579,0,1.53324e-05
574,0,0,23.3034,0,3.45275e-47
574,1,0,27.9159,0,4.14103e-135
574,2,1,25.2505,0,1.7957e-73
574,3,1,17.7579,0,1.1014e-13
574,4,2,12.3266,0,0.000194832
574,5,2,13.9502,0,4.05194e-06
576,0,0,24.0143,0,1.88366e-55
576,1,0,27.9919,0,1.76233e-137
576,2,1,24.6217,0,1.1483e-63
576,3,1,17.0024,0,1.29076e-11
576,4,2,12.1391,0,0.000279557
576,5,2,14.503,0,7.51081e-07
578,0,0,24.6851,0,1.364e-64
578,1,0,27.988,0,2.33699e-137
578,2,1,23.9467,0,1.31844e-54
578,3,1,16.2769,0,6.11082e-10
578,4,2,12.0301,0,0.000342406
578,5,2,15.1108,0,9.03283e-08
580,0,0,25.3091,0,1.84962e-74
580,1,0,27.9043,0,9.4823e-135
580,2,1,23.2323,0,1.96254e-46
580,3,1,15.5886,0,1.36947e-08
580,4,2,12.0007,0,0.000361318
580,5,2,15.7673,0,6.39951e-09
582,0,0,25.88,0,8.09338e-85
582,1,0,27.7416,0,8.02537e-130
582,2,1,22.4856,0,3.25964e-39
582,3,1,14.9444,0,1.66195e-07
582,4,2,12.0513,0,0.000329289
582,5,2,16.4662,0,2.37446e-10
584,0,0,26.3922,0,2.41265e-95
584,1,0,27.5015,0,7.01448e-123
584,2,1,21.714,0,5.99396e-33
584,3,1,14.3506,0,1.22138e-06
584,4,2,12.1813,0,0.000258089
584,5,2,17.2004,0,4.00802e-12
586,0,0,26.8405,0,1.2404e-105
586,1,0,27.1865,0,2.46605e-114
586,2,1,20.9253,0,1.34507e-27
586,3,1,13.8134,0,5.95568e-06
586,4,2,12.3894,0,0.000172044
586,5,2,17.9625,0,2.60976e-14
588,0,0,27.2204,0,3.17668e-115
588,1,0,26.7998,0,1.18228e-104
588,2,1,20.1274,0,4.35317e-23
588,3,1,13.3379,0,2.07375e-05
588,4,2,12.6735,0,9.57426e-05
588,5,2,18.7451,0,5.42999e-17
590,0,0,27.5283,0,1.23652e-123
590,1,0,26.345,0,2.53662e-94
590,2,1,19.3282,0,2.49662e-19
590,3,1,12.929,0,5.46466e-05
590,4,2,13.0309,0,4.32939e-05
590,5,2,19.5401,0,2.93229e-20
592,0,0,27.7608,0,2.13886e-130
592,1,0,25.8269,0,8.51618e-84
592,2,1,18.5357,0,3.16383e-16
592,3,1,12.5908,0,0.000114007
592,4,2,13.4579,0,1.53324e-05
592,5,2,20.3397,0,3.2987e-24
594,0,0,27.9159,0,4.14103e-135
594,1,0,25.2505,0,1.7957e-73
594,2,1,17.7579,0,1.1014e-13
594,3,1,12.3266,0,0.000194832
594,4,2,13.9502,0,4.05194e-06
594,5,2,21.136,0,6.21167e-29
596,0,0,27.9919,0,1.76233e-137
596,1,0,24.6217,0,1.1483e-63
596,2,1,17.0024,0,1.29076e-11
596,3,1,12.1391,0,0.000279557
596,4,2,14.503,0,7.51081e-07
596,5,2,21.9209,0,1.60579e-34
598,0,0,27.988,0,2.33699e-137
598,1,0,23.9467,0,1.31844e-54
598,2,1,16.2769,0,6.11082e-10
598,3,1,12.0301,0,0.000342406
598,4,2,15.1108,0,9.03283e-08
598,5,2,22.6866,0,4.89632e-41
600,0,0,27.9043,0,9.4823e-135
600,1,0,23.2323,0,1.96254e-46
600,2,1,15.5886,0,1.36947e-08
600,3,1,12.0007,0,0.000361318
600,4,2,15.7673,0,6.39951e-09
600,5,2,23.4255,0,1.63691e-48
602,0,0,27.7416,0,8.02537e-130
602,1,0,22.4856,0,3.25964e-39
602,2,1,14.9444,0,1.66195e-07
602,3,1,12.0513,0,0.000329289
602,4,2,16.4662,0,2.37446e-10
602,5,2,24.1301,0,6.25757e-57
604,0,0,27.5015,0,7.01448e-123
604,1,0,21.714,0,5.99396e-33
604,2,1,14.3506,0,1.22138e-06
604,3,1,12.1813,0,0.000258089
604,4,2,17.2004,0,4.00802e-12
604,5,2,24.7935,0,3.32005e-66
606,0,0,27.1865,0,2.46605e-114
606,1,0,20.9253,0,1.34507e-27
606,2,1,13.8134,0,5.95568e-06
606,3,1,12.3894,0,0.000172044
606,4,2,17.9625,0,2.60976e-14
606,5,2,25.4089,0,3.5633e-76
608,0,0,26.7998,0,1.18228e-104
608,1,0,20.1274,0,4.35317e-23
608,2,1,13.3379,0,2.07375e-05
608,3,1,12.6735,0,9.57426e-05
608,4,2,18.7451,0,5.42999e-17
608,5,2,25.9704,0,1.3799e-86
610,0,0,26.345,0,2.53662e-94
610,1,0,19.3282,0,2.49662e-19
610,2,1,12.929,0,5.46466e-05
610,3,1,13.0309,0,4.32939e-05
610,4,2,19.5401,0,2.93229e-20
610,5,2,26.4722,0,4.20634e-97
612,0,0,25.8269,0,8.51618e-84
612,1,0,18.5357,0,3.16383e-16
612,2,1,12.5908,0,0.000114007
612,3,1,13.4579,0,1.53324e-05
612,4,2,20.3397,0,3.2987e-24
612,5,2,26.9093,0,2.62355e-107
614,0,0,25.2505,0,1.7957e-73
614,1,0,17.7579,0,1.1014e-13
614,2,1,12.3266,0,0.000194832
614,3,1,13.9502,0,4.05194e-06
614,4,2,21.136,0,6.21167e-29
614,5,2,27.2773,0,9.81921e-117
616,0,0,24.6217,0,1.1483e-63
616,1,0,17.0024,0,1.29076e-11
616,2,1,12.1391,0,0.000279557
616,3,1,14.503,0,7.51081e-07
616,4,2,21.9209,0,1.60579e-34
616,5,2,27.5727,0,6.72925e-125
618,0,0,23.9467,0,1.31844e-54
618,1,0,16.2769,0,6.11082e-10
618,2,1,12.0301,0,0.000342406
618,3,1,15.1108,0,9.03283e-08
618,4,2,22.6866,0,4.89632e-41
618,5,2,27.7924,0,2.42578e-131
620,0,0,23.2323,0,1.96254e-46
620,1,0,15.5886,0,1.36947e-08
620,2,1,12.0007,0,0.000361318
620,3,1,15.7673,0,6.39951e-09
620,4,2,23.4255,0,1.63691e-48
620,5,2,27.9342,0,1.1184e-135
622,0,0,22.4856,0,3.25964e-39
622,1,0,14.9444,0,1.66195e-07
622,2,1,12.0513,0,0.000329289
622,3,1,16.4662,0,2.37446e-10
622,4,2,24.1301,0,6.25757e-57
622,5,2,27.9968,0,1.23165e-137
624,0,0,21.714,0,5.99396e-33
624,1,0,14.3506,0,1.22138e-06
624,2,1,12.1813,0,0.000258089
624,3,1,17.2004,0,4.00802e-12
624,4,2,24.7935,0,3.32005e-66
624,5,2,27.9795,0,4.32515e-137
626,0,0,20.9253,0,1.34507e-27
626,1,0,13.8134,0,5.95568e-06
626,2,1,12.3894,0,0.000172044
626,3,1,17.9625,0,2.60976e-14
626,4,2,25.4089,0,3.5633e-76
626,5,2,27.8824,0,4.46683e-134
628,0,0,20.1274,0,4.35317e-23
628,1,0,13.3379,0,2.07375e-05
628,2,1,12.6735,0,9.57426e-05
628,3,1,18.7451,0,5.42999e-17
628,4,2,25.9704,0,1.3799e-86
628,5,2,27.7066,0,8.72741e-129
630,0,0,19.3282,0,2.49662e-19
630,1,0,12.929,0,5.46466e-05
630,2,1,13.0309,0,4.32939e-05
630,3,1,19.5401,0,2.93229e-20
630,4,2,26.4722,0,4.20634e-97
630,5,2,27.4537,0,1.52427e-121
632,0,0,18.5357,0,3.16383e-16
632,1,0,12.5908,0,0.000114007
632,2,1,13.4579,0,1.53324e-05
632,3,1,20.3397,0,3.2987e-24
632,4,2,26.9093,0,2.62355e-107
632,5,2,27.1264,0,8.98817e-113
634,0,0,17.7579,0,1.1014e-13
634,1,0,12.3266,0,0.000194832
634,2,1,13.9502,0,4.05194e-06
634,3,1,21.136,0,6.21167e-29
634,4,2,27.2773,0,9.81921e-117
634,5,2,26.7279,0,5.98958e-103
636,0,0,17.0024,0,1.29076e-11
636,1,0,12.1391,0,0.000279557
636,2,1,14.503,0,7.51081e-07
636,3,1,21.9209,0,1.60579e-34
636,4,2,27.5727,0,6.72925e-125
636,5,2,26.2622,0,1.4868e-92
638,0,0,16.2769,0,6.11082e-10
638,1,0,12.0301,0,0.000342406
638,2,1,15.1108,0,9.03283e-08
638,3,1,22.6866,0,4.89632e-41
638,4,2,27.7924,0,2.42578e-131
638,5,2,25.7339,0,4.89784e-82
640,0,0,15.5886,0,1.36947e-08
640,1,0,12.0007,0,0.000361318
640,2,1,15.7673,0,6.39951e-09
640,3,1,23.4255,0,1.63691e-48
640,4,2,27.9342,0,1.1184e-135
640,5,2,25.1483,0,8.84315e-72
642,0,0,14.9444,0,1.66195e-07
642,1,0,12.0513,0,0.000329289
642,2,1,16.4662,0,2.37446e-10
642,3,1,24.1301,0,6.25757e-57
642,4,2,27.9968,0,1.23165e-137
642,5,2,24.5113,0,4.37035e-62
644,0,0,14.3506,0,1.22138e-06
644,1,0,12.1813,0,0.000258089
644,2,1,17.2004,0,4.00802e-12
644,3,1,24.7935,0,3.32005e-66
644,4,2,27.9795,0,4.32515e-137
644,5,2,23.8292,0,3.62234e-53
646,0,0,13.8134,0,5.95568e-06
646,1,0,12.3894,0,0.000172044
646,2,1,17.9625,0,2.60976e-14
646,3,1,25.4089,0,3.5633e-76
646,4,2,27.8824,0,4.46683e-134
646,5,2,23.1088,0,3.75219e-45
648,0,0,13.3379,0,2.07375e-05
648,1,0,12.6735,0,9.57426e-05
648,2,1,18.7451,0,5.42999e-17
648,3,1,25.9704,0,1.3799e-86
648,4,2,27.7066,0,8.72741e-129
648,5,2,22.3574,0,4.2925e-38
650,0,0,12.929,0,5.46466e-05
650,1,0,13.0309,0,4.32939e-05
650,2,1,19.5401,0,2.93229e-20
650,3,1,26.4722,0,4.20634e-97
650,4,2,27.4537,0,1.52427e-121
650,5,2,21.5824,0,5.49142e-32
652,0,0,12.5908,0,0.000114007
652,1,0,13.4579,0,1.53324e-05
652,2,1,20.3397,0,3.2987e-24
652,3,1,26.9093,0,2.62355e-107
652,4,2,27.1264,0,8.98817e-113
652,5,2,20.7916,0,8.78258e-27
654,0,0,12.3266,0,0.000194832
654,1,0,13.9502,0,4.05194e-06
654,2,1,21.136,0,6.21167e-29
654,3,1,27.2773,0,9.81921e-117
654,4,2,26.7279,0,5.98958e-103
654,5,2,19.9929,0,2.09302e-22
656,0,0,12.1391,0,0.000279557
656,1,0,14.503,0,7.51081e-07
656,2,1,21.9209,0,1.60579e-34
656,3,1,27.5727,0,6.72925e-125
656,4,2,26.2622,0,1.4868e-92
656,5,2,19.1943,0,9.16899e-19
658,0,0,12.0301,0,0.000342406
658,1,0,15.1108,0,9.03283e-08
658,2,1,22.6866,0,4.89632e-41
658,3,1,27.7924,0,2.42578e-131
658,4,2,25.7339,0,4.89784e-82
658,5,2,18.4037,0,9.21166e-16
660,0,0,12.0007,0,0.000361318
660,1,0,15.7673,0,6.39951e-09
660,2,1,23.4255,0,1.63691e-48
660,3,1,27.9342,0,1.1184e-135
660,4,2,25.1483,0,8.84315e-72
660,5,2,17.6291,0,2.63399e-13
662,0,0,12.0513,0,0.000329289
662,1,0,16.4662,0,2.37446e-10
662,2,1,24.1301,0,6.25757e-57
662,3,1,27.9968,0,1.23165e-137
662,4,2,24.5113,0,4.37035e-62
662,5,2,16.8781,0,2.61854e-11
664,0,0,12.1813,0,0.000258089
664,1,0,17.2004,0,4.00802e-12
664,2,1,24.7935,0,3.32005e-66
664,3,1,27.9795,0,4.32515e-137
664,4,2,23.8292,0,3.62234e-53
664,5,2,16.1584,0,1.08186e-09
666,0,0,12.3894,0,0.000172044
666,1,0,17.9625,0,2.60976e-14
666,2,1,25.4089,0,3.5633e-76
666,3,1,27.8824,0,4.46683e-134
666,4,2,23.1088,0,3.75219e-45
666,5,2,15.477,0,2.16783e-08
668,0,0,12.6735,0,9.57426e-05
668,1,0,18.7451,0,5.42999e-17
668,2,1,25.9704,0,1.3799e-86
668,3,1,27.7066,0,8.72741e-129
668,4,2,22.3574,0,4.2925e-38
668,5,2,14.8408,0,2.40061e-07
670,0,0,13.0309,0,4.32939e-05
670,1,0,19.5401,0,2.93229e-20
670,2,1,26.4722,0,4.20634e-97
670,3,1,27.4537,0,1.52427e-121
670,4,2,21.5824,0,5.49142e-32
670,5,2,14.2562,0,1.63701e-06
672,0,0,13.4579,0,1.53324e-05
672,1,0,20.3397,0,3.2987e-24
672,2,1,26.9093,0,2.62355e-107
672,3,1,27.1264,0,8.98817e-113
672,4,2,20.7916,0,8.78258e-27
672,5,2,13.729,0,7.50761e-06
674,0,0,13.9502,0,4.05194e-06
674,1,0,21.136,0,6.21167e-29
674,2,1,27.2773,0,9.81921e-117
674,3,1,26.7279,0,5.98958e-103
674,4,2,19.9929,0,2.09302e-22
674,5,2,13.2644,0,2.4853e-05
676,0,0,14.503,0,7.51081e-07
676,1,0,21.9209,0,1.60579e-34
676,2,1,27.5727,0,6.72925e-125
676,3,1,26.2622,0,1.4868e-92
676,4,2,19.1943,0,9.16899e-19
676,5,2,12.8671,0,6.27913e-05
678,0,0,15.1108,0,9.03283e-08
678,1,0,22.6866,0,4.89632e-41
678,2,1,27.7924,0,2.42578e-131
678,3,1,25.7339,0,4.89784e-82
678,4,2,18.4037,0,9.21166e-16
678,5,2,12.5411,0,0.000126411
680,0,0,15.7673,0,6.39951e-09
680,1,0,23.4255,0,1.63691e-48
680,2,1,27.9342,0,1.1184e-135
680,3,1,25.1483,0,8.84315e-72
680,4,2,17.6291,0,2.63399e-13
680,5,2,12.2896,0,0.000209459
682,0,0,16.4662,0,2.37446e-10
682,1,0,24.1301,0,6.25757e-57
682,2,1,27.9968,0,1.23165e-137
682,3,1,24.5113,0,4.37035e-62
682,4,2,16.8781,0,2.61854e-11
682,5,2,12.1152,0,0.000292374
684,0,0,17.2004,0,4.00802e-12
684,1,0,24.7935,0,3.32005e-66
684,2,1,27.9795,0,4.32515e-137
684,3,1,23.8292,0,3.62234e-53
684,4,2,16.1584,0,1.08186e-09
684,5,2,12.0195,0,0.000349083
686,0,0,17.9625,0,2.60976e-14
686,1,0,25.4089,0,3.5633e-76
686,2,1,27.8824,0,4.46683e-134
686,3,1,23.1088,0,3.75219e-45
686,4,2,15.477,0,2.16783e-08
686,5,2,12.0036,0,0.000359399
688,0,0,18.7451,0,5.42999e-17
688,1,0,25.9704,0,1.3799e-86
688,2,1,27.7066,0,8.72741e-129
688,3,1,22.3574,0,4.2925e-38
688,4,2,14.8408,0,2.40061e-07
688,5,2,12.0676,0,0.000319492
690,0,0,19.5401,0,2.93229e-20
690,1,0,26.4722,0,4.20634e-97
690,2,1,27.4537,0,1.52427e-121
690,3,1,21.5824,0,5.49142e-32
690,4,2,14.2562,0,1.63701e-06
690,5,2,12.2108,0,0.000243921
692,0,0,20.3397,0,3.2987e-24
692,1,0,26.9093,0,2.62355e-107
692,2,1,27.1264,0,8.98817e-113
692,3,1,20.7916,0,8.78258e-27
692,4,2,13.729,0,7.50761e-06
692,5,2,12.4319,0,0.000157977
694,0,0,21.136,0,6.21167e-29
694,1,0,27.2773,0,9.81921e-117
694,2,1,26.7279,0,5.98958e-103
694,3,1,19.9929,0,2.09302e-22
694,4,2,13.2644,0,2.4853e-05
694,5,2,12.7286,0,8.50809e-05
696,0,0,21.9209,0,1.60579e-34
696,1,0,27.5727,0,6.72925e-125
696,2,1,26.2622,0,1.4868e-92
696,3,1,19.1943,0,9.16899e-19
696,4,2,12.8671,0,6.27913e-05
696,5,2,13.0979,0,3.70297e-05
698,0,0,22.6866,0,4.89632e-41
698,1,0,27.7924,0,2.42578e-131
698,2,1,25.7339,0,4.89784e-82
698,3,1,18.4037,0,9.21166e-16
698,4,2,12.5411,0,0.000126411
698,5,2,13.5362,0,1.25307e-05
700,0,0,23.4255,0,1.63691e-48
700,1,0,27.9342,0,1.1184e-135
700,2,1,25.1483,0,8.84315e-72
700,3,1,17.6291,0,2.63399e-13
700,4,2,12.2896,0,0.000209459
700,5,2,14.0391,0,3.13462e-06
702,0,0,24.1301,0,6.25757e-57
702,1,0,27.9968,0,1.23165e-137
702,2,1,24.5113,0,4.37035e-62
702,3,1,16.8781,0,2.61854e-11
702,4,2,12.1152,0,0.000292374
702,5,2,14.6015,0,5.43488e-07
704,0,0,24.7935,0,3.32005e-66
704,1,0,27.9795,0,4.32515e-137
704,2,1,23.8292,0,3.62234e-53
704,3,1,16.1584,0,1.08186e-09
704,4,2,12.0195,0,0.000349083
704,5,2,15.2179,0,6.02356e-08
706,0,0,25.4089,0,3.5633e-76
706,1,0,27.8824,0,4.46683e-134
706,2,1,23.1088,0,3.75219e-45
706,3,1,15.477,0,2.16783e-08
706,4,2,12.0036,0,0.000359399
706,5,2,15.8821,0,3.86172e-09
708,0,0,25.9704,0,1.3799e-86
708,1,0,27.7066,0,8.72741e-129
708,2,1,22.3574,0,4.2925e-38
708,3,1,14.8408,0,2.40061e-07
708,4,2,12.0676,0,0.000319492
708,5,2,16.5874,0,1.26836e-10
710,0,0,26.4722,0,4.20634e-97
710,1,0,27.4537,0,1.52427e-121
710,2,1,21.5824,0,5.49142e-32
710,3,1,14.2562,0,1.63701e-06
710,4,2,12.2108,0,0.000243921
710,5,2,17.3268,0,1.84647e-12
712,0,0,26.9093,0,2.62355e-107
712,1,0,27.1264,0,8.98817e-113
712,2,1,20.7916,0,8.78258e-27
712,3,1,13.729,0,7.50761e-06
712,4,2,12.4319,0,0.000157977
712,5,2,18.0929,0,1.0062e-14
714,0,0,27.2773,0,9.81921e-117
714,1,0,26.7279,0,5.98958e-103
714,2,1,19.9929,0,2.09302e-22
714,3,1,13.2644,0,2.4853e-05
714,4,2,12.7286,0,8.50809e-05
714,5,2,18.8781,0,1.69391e-17
716,0,0,27.5727,0,6.72925e-125
716,1,0,26.2622,0,1.4868e-92
716,2,1,19.1943,0,9.16899e-19
716,3,1,12.8671,0,6.27913e-05
716,4,2,13.0979,0,3.70297e-05
716,5,2,19.6745,0,7.13666e-21
718,0,0,27.7924,0,2.42578e-131
718,1,0,25.7339,0,4.89784e-82
718,2,1,18.4037,0,9.21166e-16
718,3,1,12.5411,0,0.000126411
718,4,2,13.5362,0,1.25307e-05
718,5,2,20.4741,0,6.03428e-25
720,0,0,27.9342,0,1.1184e-135
720,1,0,25.1483,0,8.84315e-72
720,2,1,17.6291,0,2.63399e-13
720,3,1,12.2896,0,0.000209459
720,4,2,14.0391,0,3.13462e-06
720,5,2,21.269,0,8.24352e-30
722,0,0,27.9968,0,1.23165e-137
722,1,0,24.5113,0,4.37035e-62
722,2,1,16.8781,0,2.61854e-11
722,3,1,12.1152,0,0.000292374
722,4,2,14.6015,0,5.43488e-07
722,5,2,22.0512,0,1.50096e-35
724,0,0,27.9795,0,4.32515e-137
724,1,0,23.8292,0,3.62234e-53
724,2,1,16.1584,0,1.08186e-09
724,3,1,12.0195,0,0.000349083
724,4,2,15.2179,0,6.02356e-08
724,5,2,22.8129,0,3.16362e-42
726,0,0,27.8824,0,4.46683e-134
726,1,0,23.1088,0,3.75219e-45
726,2,1,15.477,0,2.16783e-08
726,3,1,12.0036,0,0.000359399
726,4,2,15.8821,0,3.86172e-09
726,5,2,23.5465,0,7.29636e-50
728,0,0,27.7066,0,8.72741e-129
728,1,0,22.3574,0,4.2925e-38
728,2,1,14.8408,0,2.40061e-07
728,3,1,12.0676,0,0.000319492
728,4,2,16.5874,0,1.26836e-10
728,5,2,24.2447,0,1.96507e-58
730,0,0,27.4537,0,1.52427e-121
730,1,0,21.5824,0,5.49142e-32
730,2,1,14.2562,0,1.63701e-06
730,3,1,12.2108,0,0.000243921
730,4,2,17.3268,0,1.84647e-12
730,5,2,24.9005,0,7.7206e-68
732,0,0,27.1264,0,8.98817e-113
732,1,0,20.7916,0,8.78258e-27
732,2,1,13.729,0,7.50761e-06
732,3,1,12.4319,0,0.000157977
732,4,2,18.0929,0,1.0062e-14
732,5,2,25.5073,0,6.66656e-78
734,0,0,26.7279,0,5.98958e-103
734,1,0,19.9929,0,2.09302e-22
734,2,1,13.2644,0,2.4853e-05
734,3,1,12.7286,0,8.50809e-05
734,4,2,18.8781,0,1.69391e-17
734,5,2,26.0591,0,2.33587e-88
736,0,0,26.2622,0,1.4868e-92
736,1,0,19.1943,0,9.16899e-19
736,2,1,12.8671,0,6.27913e-05
736,3,1,13.0979,0,3.70297e-05
736,4,2,19.6745,0,7.13666e-21
736,5,2,26.5503,0,7.48139e-99
738,0,0,25.7339,0,4.89784e-82
738,1,0,18.4037,0,9.21166e-16
738,2,1,12.5411,0,0.000126411
738,3,1,13.5362,0,1.25307e-05
738,4,2,20.4741,0,6.03428e-25
738,5,2,26.9761,0,5.83682e-109
740,0,0,25.1483,0,8.84315e-72
740,1,0,17.6291,0,2.63399e-13
740,2,1,12.2896,0,0.000209459
740,3,1,14.0391,0,3.13462e-06
740,4,2,21.269,0,8.24352e-30
740,5,2,27.3322,0,3.29564e-118
742,0,0,24.5113,0,4.37035e-62
742,1,0,16.8781,0,2.61854e-11
742,2,1,12.1152,0,0.000292374
742,3,1,14.6015,0,5.43488e-07
742,4,2,22.0512,0,1.50096e-35
742,5,2,27.615,0,4.09787e-126
744,0,0,23.8292,0,3.62234e-53
744,1,0,16.1584,0,1.08186e-09
744,2,1,12.0195,0,0.000349083
744,3,1,15.2179,0,6.02356e-08
744,4,2,22.8129,0,3.16362e-42
744,5,2,27.8217,0,3.1576e-132
746,0,0,23.1088,0,3.75219e-45
746,1,0,15.477,0,2.16783e-08
746,2,1,12.0036,0,0.000359399
746,3,1,15.8821,0,3.86172e-09
746,4,2,23.5465,0,7.29636e-50
746,5,2,27.9503,0,3.52912e-136
748,0,0,22.3574,0,4.2925e-38
748,1,0,14.8408,0,2.40061e-07
748,2,1,12.0676,0,0.000319492
748,3,1,16.5874,0,1.26836e-10
748,4,2,24.2447,0,1.96507e-58
748,5,2,27.9995,0,1.01401e-137
750,0,0,21.5824,0,5.49142e-32
750,1,0,14.2562,0,1.63701e-06
750,2,1,12.2108,0,0.000243921
750,3,1,17.3268,0,1.84647e-12
750,4,2,24.9005,0,7.7206e-68
750,5,2,27.9687,0,9.4081e-137
752,0,0,20.7916,0,8.78258e-27
752,1,0,13.729,0,7.50761e-06
752,2,1,12.4319,0,0.000157977
752,3,1,18.0929,0,1.0062e-14
752,4,2,25.5073,0,6.66656e-78
752,5,2,27.8583,0,2.44214e-133
754,0,0,19.9929,0,2.09302e-22
754,1,0,13.2644,0,2.4853e-05
754,2,1,12.7286,0,8.50809e-05
754,3,1,18.8781,0,1.69391e-17
754,4,2,26.0591,0,2.33587e-88
754,5,2,27.6694,0,1.0782e-127
756,0,0,19.1943,0,9.16899e-19
756,1,0,12.8671,0,6.27913e-05
756,2,1,13.0979,0,3.70297e-05
756,3,1,19.6745,0,7.13666e-21
756,4,2,26.5503,0,7.48139e-99
756,5,2,27.4038,0,3.65984e-120
758,0,0,18.4037,0,9.21166e-16
758,1,0,12.5411,0,0.000126411
758,2,1,13.5362,0,1.25307e-05
758,3,1,20.4741,0,6.03428e-25
758,4,2,26.9761,0,5.83682e-109
758,5,2,27.0643,0,3.50857e-111
760,0,0,17.6291,0,2.63399e-13
760,1,0,12.2896,0,0.000209459
760,2,1,14.0391,0,3.13462e-06
760,3,1,21.269,0,8.24352e-30
760,4,2,27.3322,0,3.29564e-118
760,5,2,26.6542,0,3.14875e-101
762,0,0,16.8781,0,2.61854e-11
762,1,0,12.1152,0,0.000292374
762,2,1,14.6015,0,5.43488e-07
762,3,1,22.0512,0,1.50096e-35
762,4,2,27.615,0,4.09787e-126
762,5,2,26.1776,0,8.78165e-91
764,0,0,16.1584,0,1.08186e-09
764,1,0,12.0195,0,0.000349083
764,2,1,15.2179,0,6.02356e-08
764,3,1,22.8129,0,3.16362e-42
764,4,2,27.8217,0,3.1576e-132
764,5,2,25.6393,0,2.76815e-80
766,0,0,15.477,0,2.16783e-08
766,1,0,12.0036,0,0.000359399
766,2,1,15.8821,0,3.86172e-09
766,3,1,23.5465,0,7.29636e-50
766,4,2,27.9503,0,3.52912e-136
766,5,2,25.0446,0,4.19628e-70
768,0,0,14.8408,0,2.40061e-07
768,1,0,12.0676,0,0.000319492
768,2,1,16.5874,0,1.26836e-10
768,3,1,24.2447,0,1.96507e-58
768,4,2,27.9995,0,1.01401e-137
768,5,2,24.3996,0,1.58072e-60
770,0,0,14.2562,0,1.63701e-06
770,1,0,12.2108,0,0.000243921
770,2,1,17.3268,0,1.84647e-12
770,3,1,24.9005,0,7.7206e-68
770,4,2,27.9687,0,9.4081e-137
770,5,2,23.7105,0,9.38023e-52
772,0,0,13.729,0,7.50761e-06
772,1,0,12.4319,0,0.000157977
772,2,1,18.0929,0,1.0062e-14
772,3,1,25.5073,0,6.66656e-78
772,4,2,27.8583,0,2.44214e-133
772,5,2,22.9844,0,6.73845e-44
774,0,0,13.2644,0,2.4853e-05
774,1,0,12.7286,0,8.50809e-05
774,2,1,18.8781,0,1.69391e-17
774,3,1,26.0591,0,2.33587e-88
774,4,2,27.6694,0,1.0782e-127
774,5,2,22.2285,0,5.31193e-37
776,0,0,12.8671,0,6.27913e-05
776,1,0,13.0979,0,3.70297e-05
776,2,1,19.6745,0,7.13666e-21
776,3,1,26.5503,0,7.48139e-99
776,4,2,27.4038,0,3.65984e-120
776,5,2,21.4503,0,4.74308e-31
778,0,0,12.5411,0,0.000126411
778,1,0,13.5362,0,1.25307e-05
778,2,1,20.4741,0,6.03428e-25
778,3,1,26.9761,0,5.83682e-109
778,4,2,27.0643,0,3.50857e-111
778,5,2,20.6576,0,5.43364e-26
780,0,0,12.2896,0,0.000209459
780,1,0,14.0391,0,3.13462e-06
780,2,1,21.269,0,8.24352e-30
780,3,1,27.3322,0,3.29564e-118
780,4,2,26.6542,0,3.14875e-101
780,5,2,19.8584,0,9.59252e-22
782,0,0,12.1152,0,0.000292374
782,1,0,14.6015,0,5.43488e-07
782,2,1,22.0512,0,1.50096e-35
782,3,1,27.615,0,4.09787e-126
782,4,2,26.1776,0,8.78165e-91
782,5,2,19.0605,0,3.23009e-18
784,0,0,12.0195,0,0.000349083
784,1,0,15.2179,0,6.02356e-08
784,2,1,22.8129,0,3.16362e-42
784,3,1,27.8217,0,3.1576e-132
784,4,2,25.6393,0,2.76815e-80
784,5,2,18.2721,0,2.58851e-15
786,0,0,12.0036,0,0.000359399
786,1,0,15.8821,0,3.86172e-09
786,2,1,23.5465,0,7.29636e-50
786,3,1,27.9503,0,3.52912e-136
786,4,2,25.0446,0,4.19628e-70
786,5,2,17.5009,0,6.11407e-13
788,0,0,12.0676,0,0.000319492
788,1,0,16.5874,0,1.26836e-10
788,2,1,24.2447,0,1.96507e-58
788,3,1,27.9995,0,1.01401e-137
788,4,2,24.3996,0,1.58072e-60
788,5,2,16.7547,0,5.1822e-11
790,0,0,12.2108,0,0.000243921
790,1,0,17.3268,0,1.84647e-12
790,2,1,24.9005,0,7.7206e-68
790,3,1,27.9687,0,9.4081e-137
790,4,2,23.7105,0,9.38023e-52
790,5,2,16.0409,0,1.87664e-09
792,0,0,12.4319,0,0.000157977
792,1,0,18.0929,0,1.0062e-14
792,2,1,25.5073,0,6.66656e-78
792,3,1,27.8583,0,2.44214e-133
792,4,2,22.9844,0,6.73845e-44
792,5,2,15.3667,0,3.37471e-08
794,0,0,12.7286,0,8.50809e-05
794,1,0,18.8781,0,1.69391e-17
794,2,1,26.0591,0,2.33587e-88
794,3,1,27.6694,0,1.0782e-127
794,4,2,22.2285,0,5.31193e-37
794,5,2,14.7388,0,3.42051e-07
796,0,0,13.0979,0,3.70297e-05
796,1,0,19.6745,0,7.13666e-21
796,2,1,26.5503,0,7.48139e-99
796,3,1,27.4038,0,3.65984e-120
796,4,2,21.4503,0,4.74308e-31
796,5,2,14.1634,0,2.16968e-06
798,0,0,13.5362,0,1.25307e-05
798,1,0,20.4741,0,6.03428e-25
798,2,1,26.9761,0,5.83682e-109
798,3,1,27.0643,0,3.50857e-111
798,4,2,20.6576,0,5.43364e-26
798,5,2,13.6463,0,9.37743e-06
800,0,0,14.0391,0,3.13462e-06
800,1,0,21.269,0,8.24352e-30
800,2,1,27.3322,0,3.29564e-118
800,3,1,26.6542,0,3.14875e-101
800,4,2,19.8584,0,9.59252e-22
800,5,2,13.1928,0,2.95594e-05
802,0,0,14.6015,0,5.43488e-07
802,1,0,22.0512,0,1.50096e-35
802,2,1,27.615,0,4.09787e-126
802,3,1,26.1776,0,8.78165e-91
802,4,2,19.0605,0,3.23009e-18
802,5,2,12.8072,0,7.16899e-05
804,0,0,15.2179,0,6.02356e-08
804,1,0,22.8129,0,3.16362e-42
804,2,1,27.8217,0,3.1576e-132
804,3,1,25.6393,0,2.76815e-80
804,4,2,18.2721,0,2.58851e-15
804,5,2,12.4935,0,0.000139397
806,0,0,15.8821,0,3.86172e-09
806,1,0,23.5465,0,7.29636e-50
806,2,1,27.9503,0,3.52912e-136
806,3,1,25.0446,0,4.19628e-70
806,4,2,17.5009,0,6.11407e-13
806,5,2,12.2549,0,0.0002241
808,0,0,16.5874,0,1.26836e-10
808,1,0,24.2447,0,1.96507e-58
808,2,1,27.9995,0,1.01401e-137
808,3,1,24.3996,0,1.58072e-60
808,4,2,16.7547,0,5.1822e-11
808,5,2,12.0936,0,0.000304436
810,0,0,17.3268,0,1.84647e-12
810,1,0,24.9005,0,7.7206e-68
810,2,1,27.9687,0,9.4081e-137
810,3,1,23.7105,0,9.38023e-52
810,4,2,16.0409,0,1.87664e-09
810,5,2,12.0113,0,0.000354408
812,0,0,18.0929,0,1.0062e-14
812,1,0,25.5073,0,6.66656e-78
812,2,1,27.8583,0,2.44214e-133
812,3,1,22.9844,0,6.73845e-44
812,4,2,15.3667,0,3.37471e-08
812,5,2,12.0088,0,0.000356015
814,0,0,18.8781,0,1.69391e-17
814,1,0,26.0591,0,2.33587e-88
814,2,1,27.6694,0,1.0782e-127
814,3,1,22.2285,0,5.31193e-37
814,4,2,14.7388,0,3.42051e-07
814,5,2,12.0862,0,0.00030866
816,0,0,19.6745,0,7.13666e-21
816,1,0,26.5503,0,7.48139e-99
816,2,1,27.4038,0,3.65984e-120
816,3,1,21.4503,0,4.74308e-31
816,4,2,14.1634,0,2.16968e-06
816,5,2,12.2426,0,0.000229465
818,0,0,20.4741,0,6.03428e-25
818,1,0,26.9761,0,5.83682e-109
818,2,1,27.0643,0,3.50857e-111
818,3,1,20.6576,0,5.43364e-26
818,4,2,13.6463,0,9.37743e-06
818,5,2,12.4766,0,0.000144309
820,0,0,21.269,0,8.24352e-30
820,1,0,27.3322,0,3.29564e-118
820,2,1,26.6542,0,3.14875e-101
820,3,1,19.8584,0,9.59252e-22
820,4,2,13.1928,0,2.95594e-05
820,5,2,12.7857,0,7.51541e-05
822,0,0,22.0512,0,1.50096e-35
822,1,0,27.615,0,4.09787e-126
822,2,1,26.1776,0,8.78165e-91
822,3,1,19.0605,0,3.23009e-18
822,4,2,12.8072,0,7.16899e-05
822,5,2,13.1669,0,3.14482e-05
824,0,0,22.8129,0,3.16362e-42
824,1,0,27.8217,0,3.1576e-132
824,2,1,25.6393,0,2.76815e-80
824,3,1,18.2721,0,2.58851e-15
824,4,2,12.4935,0,0.000139397
824,5,2,13.6164,0,1.01541e-05
826,0,0,23.5465,0,7.29636e-50
826,1,0,27.9503,0,3.52912e-136
826,2,1,25.0446,0,4.19628e-70
826,3,1,17.5009,0,6.11407e-13
826,4,2,12.2549,0,0.0002241
826,5,2,14.1296,0,2.40006e-06
828,0,0,24.2447,0,1.96507e-58
828,1,0,27.9995,0,1.01401e-137
828,2,1,24.3996,0,1.58072e-60
828,3,1,16.7547,0,5.1822e-11
828,4,2,12.0936,0,0.000304436
828,5,2,14.7016,0,3.88344e-07
830,0,0,24.9005,0,7.7206e-68
830,1,0,27.9687,0,9.4081e-137
830,2,1,23.7105,0,9.38023e-52
830,3,1,16.0409,0,1.87664e-09
830,4,2,12.0113,0,0.000354408
830,5,2,15.3264,0,3.95533e-08
832,0,0,25.5073,0,6.66656e-78
832,1,0,27.8583,0,2.44214e-133
832,2,1,22.9844,0,6.73845e-44
832,3,1,15.3667,0,3.37471e-08
832,4,2,12.0088,0,0.000356015
832,5,2,15.998,0,2.28678e-09
834,0,0,26.0591,0,2.33587e-88
834,1,0,27.6694,0,1.0782e-127
834,2,1,22.2285,0,5.31193e-37
834,3,1,14.7388,0,3.42051e-07
834,4,2,12.0862,0,0.00030866
834,5,2,16.7095,0,6.62148e-11
836,0,0,26.5503,0,7.48139e-99
836,1,0,27.4038,0,3.65984e-120
836,2,1,21.4503,0,4.74308e-31
836,3,1,14.1634,0,2.16968e-06
836,4,2,12.2426,0,0.000229465
836,5,2,17.4539,0,8.27397e-13
838,0,0,26.9761,0,5.83682e-109
838,1,0,27.0643,0,3.50857e-111
838,2,1,20.6576,0,5.43364e-26
838,3,1,13.6463,0,9.37743e-06
838,4,2,12.4766,0,0.000144309
838,5,2,18.2238,0,3.75283e-15
840,0,0,27.3322,0,3.29564e-118
840,1,0,26.6542,0,3.14875e-101
840,2,1,19.8584,0,9.59252e-22
840,3,1,13.1928,0,2.95594e-05
840,4,2,12.7857,0,7.51541e-05
840,5,2,19.0114,0,5.08143e-18
842,0,0,27.615,0,4.09787e-126
842,1,0,26.1776,0,8.78165e-91
842,2,1,19.0605,0,3.23009e-18
842,3,1,12.8072,0,7.16899e-05
842,4,2,13.1669,0,3.14482e-05
842,5,2,19.8089,0,1.65982e-21
844,0,0,27.8217,0,3.1576e-132
844,1,0,25.6393,0,2.76815e-80
844,2,1,18.2721,0,2.58851e-15
844,3,1,12.4935,0,0.000139397
844,4,2,13.6164,0,1.01541e-05
844,5,2,20.6083,0,1.04834e-25
846,0,0,27.9503,0,3.52912e-136
846,1,0,25.0446,0,4.19628e-70
846,2,1,17.5009,0,6.11407e-13
846,3,1,12.2549,0,0.0002241
846,4,2,14.1296,0,2.40006e-06
846,5,2,21.4016,0,1.03329e-30
848,0,0,27.9995,0,1.01401e-137
848,1,0,24.3996,0,1.58072e-60
848,2,1,16.7547,0,5.1822e-11
848,3,1,12.0936,0,0.000304436
848,4,2,14.7016,0,3.88344e-07
848,5,2,22.1809,0,1.31974e-36
850,0,0,27.9687,0,9.4081e-137
850,1,0,23.7105,0,9.38023e-52
850,2,1,16.0409,0,1.87664e-09
850,3,1,12.0113,0,0.000354408
850,4,2,15.3264,0,3.95533e-08
850,5,2,22.9384,0,1.9196e-43
852,0,0,27.8583,0,2.44214e-133
852,1,0,22.9844,0,6.73845e-44
852,2,1,15.3667,0,3.37471e-08
852,3,1,12.0088,0,0.000356015
852,4,2,15.998,0,2.28678e-09
852,5,2,23.6666,0,3.05957e-51
854,0,0,27.6694,0,1.0782e-127
854,1,0,22.2285,0,5.31193e-37
854,2,1,14.7388,0,3.42051e-07
854,3,1,12.0862,0,0.00030866
854,4,2,16.7095,0,6.62148e-11
854,5,2,24.3581,0,5.8415e-60
856,0,0,27.4038,0,3.65984e-120
856,1,0,21.4503,0,4.74308e-31
856,2,1,14.1634,0,2.16968e-06
856,3,1,12.2426,0,0.000229465
856,4,2,17.4539,0,8.27397e-13
856,5,2,25.0061,0,1.71928e-69
858,0,0,27.0643,0,3.50857e-111
858,1,0,20.6576,0,5.43364e-26
858,2,1,13.6463,0,9.37743e-06
858,3,1,12.4766,0,0.000144309
858,4,2,18.2238,0,3.75283e-15
858,5,2,25.6041,0,1.21528e-79
860,0,0,26.6542,0,3.14875e-101
860,1,0,19.8584,0,9.59252e-22
860,2,1,13.1928,0,2.95594e-05
860,3,1,12.7857,0,7.51541e-05
860,4,2,19.0114,0,5.08143e-18
860,5,2,26.146,0,3.94253e-90
862,0,0,26.1776,0,8.78165e-91
862,1,0,19.0605,0,3.23009e-18
862,2,1,12.8072,0,7.16899e-05
862,3,1,13.1669,0,3.14482e-05
862,4,2,19.8089,0,1.65982e-21
862,5,2,26.6266,0,1.36421e-100
864,0,0,25.6393,0,2.76815e-80
864,1,0,18.2721,0,2.58851e-15
864,2,1,12.4935,0,0.000139397
864,3,1,13.6164,0,1.01541e-05
864,4,2,20.6083,0,1.04834e-25
864,5,2,27.0409,0,1.37322e-110
866,0,0,25.0446,0,4.19628e-70
866,1,0,17.5009,0,6.11407e-13
866,2,1,12.2549,0,0.0002241
866,3,1,14.1296,0,2.40006e-06
866,4,2,21.4016,0,1.03329e-30
866,5,2,27.3849,0,1.20739e-119
868,0,0,24.3996,0,1.58072e-60
868,1,0,16.7547,0,5.1822e-11
868,2,1,12.0936,0,0.000304436
868,3,1,14.7016,0,3.88344e-07
868,4,2,22.1809,0,1.31974e-36
868,5,2,27.6551,0,2.80547e-127
870,0,0,23.7105,0,9.38023e-52
870,1,0,16.0409,0,1.87664e-09
870,2,1,12.0113,0,0.000354408
870,3,1,15.3264,0,3.95533e-08
870,4,2,22.9384,0,1.9196e-43
870,5,2,27.8489,0,4.73429e-133
872,0,0,22.9844,0,6.73845e-44
872,1,0,15.3667,0,3.37471e-08
872,2,1,12.0088,0,0.000356015
872,3,1,15.998,0,2.28678e-09
872,4,2,23.6666,0,3.05957e-51
872,5,2,27.9642,0,1.30383e-136
874,0,0,22.2285,0,5.31193e-37
874,1,0,14.7388,0,3.42051e-07
874,2,1,12.0862,0,0.00030866
874,3,1,16.7095,0,6.62148e-11
874,4,2,24.3581,0,5.8415e-60
874,5,2,27.9999,0,9.83822e-138
876,0,0,21.4503,0,4.74308e-31
876,1,0,14.1634,0,2.16968e-06
876,2,1,12.2426,0,0.000229465
876,3,1,17.4539,0,8.27397e-13
876,4,2,25.0061,0,1.71928e-69
876,5,2,27.9557,0,2.40182e-136
878,0,0,20.6576,0,5.43364e-26
878,1,0,13.6463,0,9.37743e-06
878,2,1,12.4766,0,0.000144309
878,3,1,18.2238,0,3.75283e-15
878,4,2,25.6041,0,1.21528e-79
878,5,2,27.832,0,1.54494e-132
880,0,0,19.8584,0,9.59252e-22
880,1,0,13.1928,0,2.95594e-05
880,2,1,12.7857,0,7.51541e-05
880,3,1,19.0114,0,5.08143e-18
880,4,2,26.146,0,3.94253e-90
880,5,2,27.63,0,1.50675e-126
882,0,0,19.0605,0,3.23009e-18
882,1,0,12.8072,0,7.16899e-05
882,2,1,13.1669,0,3.14482e-05
882,3,1,19.8089,0,1.65982e-21
882,4,2,26.6266,0,1.36421e-100
882,5,2,27.3518,0,9.66021e-119
884,0,0,18.2721,0,2.58851e-15
884,1,0,12.4935,0,0.000139397
884,2,1,13.6164,0,1.01541e-05
884,3,1,20.6083,0,1.04834e-25
884,4,2,27.0409,0,1.37322e-110
884,5,2,27.0002,0,1.45898e-109
886,0,0,17.5009,0,6.11407e-13
886,1,0,12.2549,0,0.0002241
886,2,1,14.1296,0,2.40006e-06
886,3,1,21.4016,0,1.03329e-30
886,4,2,27.3849,0,1.20739e-119
886,5,2,26.5786,0,1.70886e-99
888,0,0,16.7547,0,5.1822e-11
888,1,0,12.0936,0,0.000304436
888,2,1,14.7016,0,3.88344e-07
888,3,1,22.1809,0,1.31974e-36
888,4,2,27.6551,0,2.80547e-127
888,5,2,26.0913,0,5.20287e-89
890,0,0,16.0409,0,1.87664e-09
890,1,0,12.0113,0,0.000354408
890,2,1,15.3264,0,3.95533e-08
890,3,1,22.9384,0,1.9196e-43
890,4,2,27.8489,0,4.73429e-133
890,5,2,25.5431,0,1.53175e-78
892,0,0,15.3667,0,3.37471e-08
892,1,0,12.0088,0,0.000356015
892,2,1,15.998,0,2.28678e-09
892,3,1,23.6666,0,3.05957e-51
892,4,2,27.9642,0,1.30383e-136
892,5,2,24.9395,0,1.91346e-68
894,0,0,14.7388,0,3.42051e-07
894,1,0,12.0862,0,0.00030866
894,2,1,16.7095,0,6.62148e-11
894,3,1,24.3581,0,5.8415e-60
894,4,2,27.9999,0,9.83822e-138
894,5,2,24.2866,0,5.42387e-59
896,0,0,14.1634,0,2.16968e-06
896,1,0,12.2426,0,0.000229465
896,2,1,17.4539,0,8.27397e-13
896,3,1,25.0061,0,1.71928e-69
896,4,2,27.9557,0,2.40182e-136
896,5,2,23.5908,0,2.28742e-50
898,0,0,13.6463,0,9.37743e-06
898,1,0,12.4766,0,0.000144309
898,2,1,18.2238,0,3.75283e-15
898,3,1,25.6041,0,1.21528e-79
898,4,2,27.832,0,1.54494e-132
898,5,2,22.8592,0,1.13651e-42
900,0,0,13.1928,0,2.95594e-05
900,1,0,12.7857,0,7.51541e-05
900,2,1,19.0114,0,5.08143e-18
900,3,1,26.146,0,3.94253e-90
900,4,2,27.63,0,1.50675e-126
900,5,2,22.099,0,6.17958e-36
902,0,0,12.8072,0,7.16899e-05
902,1,0,13.1669,0,3.14482e-05
902,2,1,19.8089,0,1.65982e-21
902,3,1,26.6266,0,1.36421e-100
902,4,2,27.3518,0,9.66021e-119
902,5,2,21.3178,0,3.86514e-30
904,0,0,12.4935,0,0.000139397
904,1,0,13.6164,0,1.01541e-05
904,2,1,20.6083,0,1.04834e-25
904,3,1,27.0409,0,1.37322e-110
904,4,2,27.0002,0,1.45898e-109
904,5,2,20.5235,0,3.18836e-25
906,0,0,12.2549,0,0.0002241
906,1,0,14.1296,0,2.40006e-06
906,2,1,21.4016,0,1.03329e-30
906,3,1,27.3849,0,1.20739e-119
906,4,2,26.5786,0,1.70886e-99
906,5,2,19.7239,0,4.19509e-21
908,0,0,12.0936,0,0.000304436
908,1,0,14.7016,0,3.88344e-07
908,2,1,22.1809,0,1.31974e-36
908,3,1,27.6551,0,2.80547e-127
908,4,2,26.0913,0,5.20287e-89
908,5,2,18.9271,0,1.09267e-17
910,0,0,12.0113,0,0.000354408
910,1,0,15.3264,0,3.95533e-08
910,2,1,22.9384,0,1.9196e-43
910,3,1,27.8489,0,4.73429e-133
910,4,2,25.5431,0,1.53175e-78
910,5,2,18.141,0,7.02714e-15
912,0,0,12.0088,0,0.000356015
912,1,0,15.998,0,2.28678e-09
912,2,1,23.6666,0,3.05957e-51
912,3,1,27.9642,0,1.30383e-136
912,4,2,24.9395,0,1.91346e-68
912,5,2,17.3735,0,1.37875e-12
914,0,0,12.0862,0,0.00030866
914,1,0,16.7095,0,6.62148e-11
914,2,1,24.3581,0,5.8415e-60
914,3,1,27.9999,0,9.83822e-138
914,4,2,24.2866,0,5.42387e-59
914,5,2,16.6322,0,1.00127e-10
916,0,0,12.2426,0,0.000229465
916,1,0,17.4539,0,8.27397e-13
916,2,1,25.0061,0,1.71928e-69
916,3,1,27.9557,0,2.40182e-136
916,4,2,23.5908,0,2.28742e-50
916,5,2,15.9246,0,3.19167e-09
918,0,0,12.4766,0,0.000144309
918,1,0,18.2238,0,3.75283e-15
918,2,1,25.6041,0,1.21528e-79
918,3,1,27.832,0,1.54494e-132
918,4,2,22.8592,0,1.13651e-42
918,5,2,15.2577,0,5.16929e-08
920,0,0,12.7857,0,7.51541e-05
920,1,0,19.0114,0,5.08143e-18
920,2,1,26.146,0,3.94253e-90
920,3,1,27.63,0,1.50675e-126
920,4,2,22.099,0,6.17958e-36
920,5,2,14.6382,0,4.80979e-07
922,0,0,13.1669,0,3.14482e-05
922,1,0,19.8089,0,1.65982e-21
922,2,1,26.6266,0,1.36421e-100
922,3,1,27.3518,0,9.66021e-119
922,4,2,21.3178,0,3.86514e-30
922,5,2,14.0722,0,2.84477e-06
924,0,0,13.6164,0,1.01541e-05
924,1,0,20.6083,0,1.04834e-25
924,2,1,27.0409,0,1.37322e-110
924,3,1,27.0002,0,1.45898e-109
924,4,2,20.5235,0,3.18836e-25
924,5,2,13.5655,0,1.16093e-05
926,0,0,14.1296,0,2.40006e-06
926,1,0,21.4016,0,1.03329e-30
926,2,1,27.3849,0,1.20739e-119
926,3,1,26.5786,0,1.70886e-99
926,4,2,19.7239,0,4.19509e-21
926,5,2,13.1231,0,3.48984e-05
928,0,0,14.7016,0,3.88344e-07
928,1,0,22.1809,0,1.31974e-36
928,2,1,27.6551,0,2.80547e-127
928,3,1,26.0913,0,5.20287e-89
928,4,2,18.9271,0,1.09267e-17
928,5,2,12.7494,0,8.13418e-05
930,0,0,15.3264,0,3.95533e-08
930,1,0,22.9384,0,1.9196e-43
930,2,1,27.8489,0,4.73429e-133
930,3,1,25.5431,0,1.53175e-78
930,4,2,18.141,0,7.02714e-15
930,5,2,12.4481,0,0.000152897
932,0,0,15.998,0,2.28678e-09
932,1,0,23.6666,0,3.05957e-51
932,2,1,27.9642,0,1.30383e-136
932,3,1,24.9395,0,1.91346e-68
932,4,2,17.3735,0,1.37875e-12
932,5,2,12.2223,0,0.000238629
934,0,0,16.7095,0,6.62148e-11
934,1,0,24.3581,0,5.8415e-60
934,2,1,27.9999,0,9.83822e-138
934,3,1,24.2866,0,5.42387e-59
934,4,2,16.6322,0,1.00127e-10
934,5,2,12.0742,0,0.000315621
936,0,0,17.4539,0,8.27397e-13
936,1,0,25.0061,0,1.71928e-69
936,2,1,27.9557,0,2.40182e-136
936,3,1,23.5908,0,2.28742e-50
936,4,2,15.9246,0,3.19167e-09
936,5,2,12.0053,0,0.000358323
938,0,0,18.2238,0,3.75283e-15
938,1,0,25.6041,0,1.21528e-79
938,2,1,27.832,0,1.54494e-132
938,3,1,22.8592,0,1.13651e-42
938,4,2,15.2577,0,5.16929e-08
938,5,2,12.0162,0,0.000351203
940,0,0,19.0114,0,5.08143e-18
940,1,0,26.146,0,3.94253e-90
940,2,1,27.63,0,1.50675e-126
940,3,1,22.099,0,6.17958e-36
940,4,2,14.6382,0,4.80979e-07
940,5,2,12.107,0,0.000296907
942,0,0,19.8089,0,1.65982e-21
942,1,0,26.6266,0,1.36421e-100
942,2,1,27.3518,0,9.66021e-119
942,3,1,21.3178,0,3.86514e-30
942,4,2,14.0722,0,2.84477e-06
942,5,2,12.2766,0,0.000214851
944,0,0,20.6083,0,1.04834e-25
944,1,0,27.0409,0,1.37322e-110
944,2,1,27.0002,0,1.45898e-109
944,3,1,20.5235,0,3.18836e-25
944,4,2,13.5655,0,1.16093e-05
944,5,2,12.5234,0,0.000131125
946,0,0,21.4016,0,1.03329e-30
946,1,0,27.3849,0,1.20739e-119
946,2,1,26.5786,0,1.70886e-99
946,3,1,19.7239,0,4.19509e-21
946,4,2,13.1231,0,3.48984e-05
946,5,2,12.8448,0,6.59777e-05
948,0,0,22.1809,0,1.31974e-36
948,1,0,27.6551,0,2.80547e-127
948,2,1,26.0913,0,5.20287e-89
948,3,1,18.9271,0,1.09267e-17
948,4,2,12.7494,0,8.13418e-05
948,5,2,13.2378,0,2.65137e-05
950,0,0,22.9384,0,1.9196e-43
950,1,0,27.8489,0,4.73429e-133
950,2,1,25.5431,0,1.53175e-78
950,3,1,18.141,0,7.02714e-15
950,4,2,12.4481,0,0.000152897
950,5,2,13.6984,0,8.15635e-06
952,0,0,23.6666,0,3.05957e-51
952,1,0,27.9642,0,1.30383e-136
952,2,1,24.9395,0,1.91346e-68
952,3,1,17.3735,0,1.37875e-12
952,4,2,12.2223,0,0.000238629
952,5,2,14.2219,0,1.81812e-06
954,0,0,24.3581,0,5.8415e-60
954,1,0,27.9999,0,9.83822e-138
954,2,1,24.2866,0,5.42387e-59
954,3,1,16.6322,0,1.00127e-10
954,4,2,12.0742,0,0.000315621
954,5,2,14.8031,0,2.73892e-07
956,0,0,25.0061,0,1.71928e-69
956,1,0,27.9557,0,2.40182e-136
956,2,1,23.5908,0,2.28742e-50
956,3,1,15.9246,0,3.19167e-09
956,4,2,12.0053,0,0.000358323
956,5,2,15.4363,0,2.55611e-08
958,0,0,25.6041,0,1.21528e-79
958,1,0,27.832,0,1.54494e-132
958,2,1,22.8592,0,1.13651e-42
958,3,1,15.2577,0,5.16929e-08
958,4,2,12.0162,0,0.000351203
958,5,2,16.115,0,1.32801e-09
960,0,0,26.146,0,3.94253e-90
960,1,0,27.63,0,1.50675e-126
960,2,1,22.099,0,6.17958e-36
960,3,1,14.6382,0,4.80979e-07
960,4,2,12.107,0,0.000296907
960,5,2,16.8326,0,3.37577e-11
962,0,0,26.6266,0,1.36421e-100
962,1,0,27.3518,0,9.66021e-119
962,2,1,21.3178,0,3.86514e-30
962,3,1,14.0722,0,2.84477e-06
962,4,2,12.2766,0,0.000214851
962,5,2,17.5818,0,3.603e-13
964,0,0,27.0409,0,1.37322e-110
964,1,0,27.0002,0,1.45898e-109
964,2,1,20.5235,0,3.18836e-25
964,3,1,13.5655,0,1.16093e-05
964,4,2,12.5234,0,0.000131125
964,5,2,18.3552,0,1.35273e-15
966,0,0,27.3849,0,1.20739e-119
966,1,0,26.5786,0,1.70886e-99
966,2,1,19.7239,0,4.19509e-21
966,3,1,13.1231,0,3.48984e-05
966,4,2,12.8448,0,6.59777e-05
966,5,2,19.145,0,1.46429e-18
968,0,0,27.6551,0,2.80547e-127
968,1,0,26.0913,0,5.20287e-89
968,2,1,18.9271,0,1.09267e-17
968,3,1,12.7494,0,8.13418e-05
968,4,2,13.2378,0,2.65137e-05
968,5,2,19.9434,0,3.68504e-22
970,0,0,27.8489,0,4.73429e-133
970,1,0,25.5431,0,1.53175e-78
970,2,1,18.141,0,7.02714e-15
970,3,1,12.4481,0,0.000152897
970,4,2,13.6984,0,8.15635e-06
970,5,2,20.7423,0,1.728e-26
972,0,0,27.9642,0,1.30383e-136
972,1,0,24.9395,0,1.91346e-68
972,2,1,17.3735,0,1.37875e-12
972,3,1,12.2223,0,0.000238629
972,4,2,14.2219,0,1.81812e-06
972,5,2,21.5338,0,1.22231e-31
974,0,0,27.9999,0,9.83822e-138
974,1,0,24.2866,0,5.42387e-59
974,2,1,16.6322,0,1.00127e-10
974,3,1,12.0742,0,0.000315621
974,4,2,14.8031,0,2.73892e-07
974,5,2,22.31,0,1.09104e-37
976,0,0,27.9557,0,2.40182e-136
976,1,0,23.5908,0,2.28742e-50
976,2,1,15.9246,0,3.19167e-09
976,3,1,12.0053,0,0.000358323
976,4,2,15.4363,0,2.55611e-08
976,5,2,23.0631,0,1.09386e-44
978,0,0,27.832,0,1.54494e-132
978,1,0,22.8592,0,1.13651e-42
978,2,1,15.2577,0,5.16929e-08
978,3,1,12.0162,0,0.000351203
978,4,2,16.115,0,1.32801e-09
978,5,2,23.7856,0,1.2078e-52
980,0,0,27.63,0,1.50675e-126
980,1,0,22.099,0,6.17958e-36
980,2,1,14.6382,0,4.80979e-07
980,3,1,12.107,0,0.000296907
980,4,2,16.8326,0,3.37577e-11
980,5,2,24.4703,0,1.64635e-61
982,0,0,27.3518,0,9.66021e-119
982,1,0,21.3178,0,3.86514e-30
982,2,1,14.0722,0,2.84477e-06
982,3,1,12.2766,0,0.000214851
982,4,2,17.5818,0,3.603e-13
982,5,2,25.1103,0,3.67556e-71
984,0,0,27.0002,0,1.45898e-109
984,1,0,20.5235,0,3.18836e-25
984,2,1,13.5655,0,1.16093e-05
984,3,1,12.5234,0,0.000131125
984,4,2,18.3552,0,1.35273e-15
984,5,2,25.6993,0,2.16615e-81
986,0,0,26.5786,0,1.70886e-99
986,1,0,19.7239,0,4.19509e-21
986,2,1,13.1231,0,3.48984e-05
986,3,1,12.8448,0,6.59777e-05
986,4,2,19.145,0,1.46429e-18
986,5,2,26.2313,0,6.66393e-92
988,0,0,26.0913,0,5.20287e-89
988,1,0,18.9271,0,1.09267e-17
988,2,1,12.7494,0,8.13418e-05
988,3,1,13.2378,0,2.65137e-05
988,4,2,19.9434,0,3.68504e-22
988,5,2,26.701,0,2.56326e-102
990,0,0,25.5431,0,1.53175e-78
990,1,0,18.141,0,7.02714e-15
990,2,1,12.4481,0,0.000152897
990,3,1,13.6984,0,8.15635e-06
990,4,2,20.7423,0,1.728e-26
990,5,2,27.1038,0,3.43484e-112
992,0,0,24.9395,0,1.91346e-68
992,1,0,17.3735,0,1.37875e-12
992,2,1,12.2223,0,0.000238629
992,3,1,14.2219,0,1.81812e-06
992,4,2,21.5338,0,1.22231e-31
992,5,2,27.4356,0,4.85351e-121
994,0,0,24.2866,0,5.42387e-59
994,1,0,16.6322,0,1.00127e-10
994,2,1,12.0742,0,0.000315621
994,3,1,14.8031,0,2.73892e-07
994,4,2,22.31,0,1.09104e-37
994,5,2,27.6931,0,2.16907e-128
996,0,0,23.5908,0,2.28742e-50
996,1,0,15.9246,0,3.19167e-09
996,2,1,12.0053,0,0.000358323
996,3,1,15.4363,0,2.55611e-08
996,4,2,23.0631,0,1.09386e-44
996,5,2,27.8738,0,8.20366e-134
998,0,0,22.8592,0,1.13651e-42
998,1,0,15.2577,0,5.16929e-08
998,2,1,12.0162,0,0.000351203
998,3,1,16.115,0,1.32801e-09
998,4,2,23.7856,0,1.2078e-52
998,5,2,27.9758,0,5.6501e-137
